{
"type": "FeatureCollection",
"name": "Dumping_Ground_polygons_(Unpermitted)",
"crs": { "type": "name", "properties": { "name": "urn:ogc:def:crs:OGC:1.3:CRS84" } },
"features": [
{ "type": "Feature", "properties": { "OBJECTID": 1, "RO_ACCT": 172514, "SITE_NAME": "FALL RIVER PIGGERY", "ADDRESS": "YELLOW HILL RD ALBRO AVE", "TOWN": "FALL RIVER", "REGION": "SE", "STATUS": "Inactive", "WASTE_TYPE": "SLUDGE", "ACRES": 29.9, "SW_ID": "0095.003", "CATGRPGIS": "Land Disposal-DG", "Shape__Area": 120448.14998282499, "Shape__Length": 1231.8485036648801 }, "geometry": { "type": "Polygon", "coordinates": [ [ [ -71.061935074348469, 41.688272706146236 ], [ -71.061525756146935, 41.688298141462852 ], [ -71.061128089663711, 41.688375952091562 ], [ -71.0607546550916, 41.688505063965522 ], [ -71.060416749518708, 41.68868045552064 ], [ -71.060124914890963, 41.688897102379009 ], [ -71.059887265367834, 41.689148848977879 ], [ -71.059711556558867, 41.689426719323883 ], [ -71.059602904416295, 41.68972398257263 ], [ -71.059564940729885, 41.690031083902397 ], [ -71.059598675562896, 41.690337900897006 ], [ -71.059702852802474, 41.690635986817327 ], [ -71.059874726089816, 41.690915765379394 ], [ -71.06010853455561, 41.691168769492883 ], [ -71.060397568381191, 41.691388225528613 ], [ -71.060733437493198, 41.691566218895446 ], [ -71.061104724257035, 41.69169764149953 ], [ -71.061500944426086, 41.691779076234276 ], [ -71.061910852879819, 41.691807665916194 ], [ -71.062320006005351, 41.691782229395791 ], [ -71.062717502443476, 41.691704412977415 ], [ -71.063090951739113, 41.69157529467028 ], [ -71.063428862634098, 41.691400457901644 ], [ -71.063721071065643, 41.691183803112864 ], [ -71.063958718083356, 41.690931487610776 ], [ -71.064134411373601, 41.690653609810589 ], [ -71.064243044020401, 41.690356343141481 ], [ -71.064280986636447, 41.690049239357741 ], [ -71.064247228290881, 41.689742422844951 ], [ -71.064142843935073, 41.689444341262565 ], [ -71.063971144499376, 41.689164570761825 ], [ -71.063737143357727, 41.688911008437898 ], [ -71.063448106614757, 41.688692125391412 ], [ -71.06311243362093, 41.688514140750577 ], [ -71.062740971439297, 41.688382723959378 ], [ -71.062344773134583, 41.68830129444617 ], [ -71.061935074348469, 41.688272706146236 ] ] ] } },
{ "type": "Feature", "properties": { "OBJECTID": 2, "RO_ACCT": 288711, "SITE_NAME": "KNIGHTVILLE DAM DUMP", "ADDRESS": "OLD WORTHINGTON ROAD HILL RD", "TOWN": "HUNTINGTON", "REGION": "WE", "STATUS": "Closed", "WASTE_TYPE": "MSW", "ACRES": 0.72165712, "SW_ID": "0143.006", "CATGRPGIS": "Land Disposal-DG", "Shape__Area": 2920.5458625000001, "Shape__Length": 218.965878482557 }, "geometry": { "type": "Polygon", "coordinates": [ [ [ -72.859823345924468, 42.292650853947592 ], [ -72.859928267876413, 42.292220230867258 ], [ -72.859368929413307, 42.292045643602286 ], [ -72.859199287995878, 42.292652611932482 ], [ -72.859823345924468, 42.292650853947592 ] ] ] } },
{ "type": "Feature", "properties": { "OBJECTID": 3, "RO_ACCT": 172723, "SITE_NAME": "BROAD STREET LANDFILL", "ADDRESS": "BROAD ST/NORTH ST", "TOWN": "MERRIMAC", "REGION": "NE", "STATUS": "Inactive", "WASTE_TYPE": "MSW", "ACRES": 29.9, "SW_ID": "0180.005", "CATGRPGIS": "Land Disposal-DG", "Shape__Area": 120448.170586715, "Shape__Length": 1231.8486088740701 }, "geometry": { "type": "Polygon", "coordinates": [ [ [ -70.987830351837985, 42.827203337493856 ], [ -70.987413579569349, 42.827228498906514 ], [ -70.987008608516334, 42.827306033484653 ], [ -70.986628249534988, 42.827434873793734 ], [ -70.986284008084311, 42.827610006718345 ], [ -70.985986623225486, 42.827826417649902 ], [ -70.985744367261816, 42.828077953178116 ], [ -70.985565144607165, 42.828355647024111 ], [ -70.985454169511556, 42.828652774045423 ], [ -70.98541515582707, 42.828959783910491 ], [ -70.985449139031545, 42.829266555268262 ], [ -70.985554855105732, 42.829564643344789 ], [ -70.985729515540172, 42.829844471262454 ], [ -70.985967266177511, 42.830097573652836 ], [ -70.986261282313052, 42.830317169505811 ], [ -70.986603032259382, 42.830495340519256 ], [ -70.986980898486962, 42.830626977698707 ], [ -70.987384209430928, 42.830708651559085 ], [ -70.987801519327363, 42.830737501826697 ], [ -70.988218123959072, 42.830712337308448 ], [ -70.988622924722193, 42.830634795958133 ], [ -70.989003298996963, 42.830505949253187 ], [ -70.989347544164715, 42.830331371022574 ], [ -70.989645310852836, 42.830114955145774 ], [ -70.989887566064198, 42.829862849075703 ], [ -70.990066773909589, 42.829585147798518 ], [ -70.990177727592794, 42.829288017356845 ], [ -70.990216719414605, 42.828981005931254 ], [ -70.990182711845975, 42.82867423593455 ], [ -70.990076784521634, 42.828376151143324 ], [ -70.989902300794782, 42.828096330472491 ], [ -70.989664355670499, 42.827842672543106 ], [ -70.989370333421846, 42.827623647705764 ], [ -70.98902878204251, 42.827445483706327 ], [ -70.98865073865835, 42.827313854003755 ], [ -70.988247449097386, 42.827232184454829 ], [ -70.987830351837985, 42.827203337493856 ] ] ] } },
{ "type": "Feature", "properties": { "OBJECTID": 4, "RO_ACCT": 172494, "SITE_NAME": "UNCONFIRMED SITE", "ADDRESS": "BRENTWOOD DR", "TOWN": "EASTON", "REGION": "SE", "STATUS": "Inactive", "WASTE_TYPE": "WOODWASTE", "ACRES": 2.43031078, "SW_ID": "0088.011", "CATGRPGIS": "Land Disposal-DG", "Shape__Area": 9835.4687671850006, "Shape__Length": 457.113470768301 }, "geometry": { "type": "Polygon", "coordinates": [ [ [ -71.126979158416844, 42.052271173496734 ], [ -71.125362347714031, 42.052228752564346 ], [ -71.126010196548478, 42.053568995748449 ], [ -71.126979158416844, 42.052271173496734 ] ] ] } },
{ "type": "Feature", "properties": { "OBJECTID": 5, "RO_ACCT": 173034, "SITE_NAME": "WARE-ENFIELD RD DUMP", "ADDRESS": "WARE-ENFIELD RD", "TOWN": "WARE", "REGION": "WE", "STATUS": "Inactive", "WASTE_TYPE": "WOODWASTE", "ACRES": 0.73379538, "SW_ID": "0309.003", "CATGRPGIS": "Land Disposal-DG", "Shape__Area": 2969.6643664100002, "Shape__Length": 234.47064235014702 }, "geometry": { "type": "Polygon", "coordinates": [ [ [ -72.308325704801078, 42.286541731504791 ], [ -72.307441561547904, 42.286294168381367 ], [ -72.307366690264459, 42.286618251745821 ], [ -72.308241312125659, 42.286906396529538 ], [ -72.308325704801078, 42.286541731504791 ] ] ] } },
{ "type": "Feature", "properties": { "OBJECTID": 6, "RO_ACCT": 175864, "SITE_NAME": "DREW DEMOLITION LANDFILL", "ADDRESS": "EVERGREEN ST", "TOWN": "ORANGE", "REGION": "WE", "STATUS": "Closed", "WASTE_TYPE": "C&D WASTE", "ACRES": 2.08484856, "SW_ID": "0223.001", "CATGRPGIS": "Land Disposal-DG", "Shape__Area": 8437.3811992200008, "Shape__Length": 329.42060639093103 }, "geometry": { "type": "Polygon", "coordinates": [ [ [ -72.231545126906354, 42.616761699272132 ], [ -72.231242977093288, 42.616868267954359 ], [ -72.231053549131474, 42.617071460122453 ], [ -72.231027272036059, 42.617318070080294 ], [ -72.231171177082899, 42.617541097288317 ], [ -72.231446864516272, 42.617681140946345 ], [ -72.231780191606276, 42.61770040930859 ], [ -72.232082353498527, 42.617594403647757 ], [ -72.232271963287715, 42.617390644202999 ], [ -72.232298234322258, 42.617144033975116 ], [ -72.23215451756478, 42.616921008731985 ], [ -72.231878640533608, 42.616780967943804 ], [ -72.231545126906354, 42.616761699272132 ] ] ] } },
{ "type": "Feature", "properties": { "OBJECTID": 7, "RO_ACCT": 172830, "SITE_NAME": "PALMER DUMP", "ADDRESS": "WARE ST", "TOWN": "PALMER", "REGION": "WE", "STATUS": "Inactive", "WASTE_TYPE": "MSW", "ACRES": 27.37789924, "SW_ID": "0227.005", "CATGRPGIS": "Land Disposal-DG", "Shape__Area": 110798.344040645, "Shape__Length": 1689.7447375544903 }, "geometry": { "type": "Polygon", "coordinates": [ [ [ -72.301501000396826, 42.228635966869945 ], [ -72.301484881073335, 42.228543793464368 ], [ -72.301728334851987, 42.228381720410177 ], [ -72.302020322346863, 42.227986342268963 ], [ -72.301953314554325, 42.227851760073854 ], [ -72.30185144750584, 42.227669589815505 ], [ -72.301789426454633, 42.227569860948549 ], [ -72.301643755042534, 42.227351419223439 ], [ -72.301620059329196, 42.227258736925442 ], [ -72.301644787906923, 42.227133641670974 ], [ -72.301645298344752, 42.227024470675936 ], [ -72.301726344293897, 42.226563042564536 ], [ -72.301759657200307, 42.226323656322911 ], [ -72.301841751978074, 42.226154831209598 ], [ -72.302011607271353, 42.225846402325537 ], [ -72.302086926831677, 42.22566580736369 ], [ -72.302190844922421, 42.225411858680339 ], [ -72.302275836660129, 42.225203061146715 ], [ -72.302746496603433, 42.224689387859058 ], [ -72.302811166148459, 42.224445280130219 ], [ -72.302921832293592, 42.224306077231056 ], [ -72.303062570904487, 42.224180170722342 ], [ -72.30341138207487, 42.223850228473594 ], [ -72.303388600187816, 42.223740096825082 ], [ -72.303428868230569, 42.223512478234234 ], [ -72.303510954923055, 42.223343651840366 ], [ -72.303521070892188, 42.222902412769244 ], [ -72.303471212499545, 42.222642225003895 ], [ -72.303413269986478, 42.222490697734955 ], [ -72.302207207567335, 42.222217778052666 ], [ -72.302068268953704, 42.222321164212204 ], [ -72.301877321737209, 42.222502567348144 ], [ -72.301549798768164, 42.22295952798958 ], [ -72.301427164218197, 42.223155084627599 ], [ -72.3012508465319, 42.223446112903773 ], [ -72.30113159145202, 42.223699605180855 ], [ -72.301046099778063, 42.22391403254538 ], [ -72.300990810183492, 42.224032025777504 ], [ -72.300847669347078, 42.224192835674828 ], [ -72.30067672431727, 42.224415175239557 ], [ -72.300443720448015, 42.224744301309379 ], [ -72.300385526122355, 42.224902266288886 ], [ -72.300287074182407, 42.225184872720014 ], [ -72.300227583953614, 42.225360290777289 ], [ -72.300095082189642, 42.225584613071028 ], [ -72.299997433097943, 42.225855959322836 ], [ -72.299921304563583, 42.226047812784131 ], [ -72.299875051530421, 42.226252399479236 ], [ -72.299814736234239, 42.226542618483933 ], [ -72.299806120658005, 42.22675988703282 ], [ -72.299786868167033, 42.226914203937881 ], [ -72.299815726655524, 42.227041177071222 ], [ -72.299860100931156, 42.227272704146984 ], [ -72.299946291570166, 42.227563028287982 ], [ -72.299994555834289, 42.227742759402581 ], [ -72.300055895299977, 42.227848685622874 ], [ -72.300254827568878, 42.228178173478305 ], [ -72.300327020841323, 42.228244071181877 ], [ -72.300441527074554, 42.22836312974384 ], [ -72.300596588985016, 42.228456021343909 ], [ -72.300808310619402, 42.228613791292901 ], [ -72.301001527226632, 42.228610192934589 ], [ -72.301085682533483, 42.228619171673031 ], [ -72.301211381016202, 42.228590157598141 ], [ -72.301306695542635, 42.228553480242674 ], [ -72.301501000396826, 42.228635966869945 ] ] ] } },
{ "type": "Feature", "properties": { "OBJECTID": 8, "RO_ACCT": 169022, "SITE_NAME": "VITALE DUMP", "ADDRESS": "LARCH ROW", "TOWN": "WENHAM", "REGION": "NE", "STATUS": "Closed", "WASTE_TYPE": "MSW", "ACRES": 6.92599074, "SW_ID": "0320.002", "CATGRPGIS": "Land Disposal-DG", "Shape__Area": 28029.490427339999, "Shape__Length": 687.20276893777304 }, "geometry": { "type": "Polygon", "coordinates": [ [ [ -70.880428579568004, 42.59463011234881 ], [ -70.881264211129945, 42.592453744195794 ], [ -70.88044356766197, 42.592175892412797 ], [ -70.880193002653513, 42.59225669409706 ], [ -70.879698585819099, 42.592664214851709 ], [ -70.879362404400922, 42.592990435777828 ], [ -70.879332793973632, 42.593174827399579 ], [ -70.879271144173885, 42.593790039454014 ], [ -70.879277917310461, 42.594049460636832 ], [ -70.879351228556587, 42.594125250541701 ], [ -70.880428579568004, 42.59463011234881 ] ] ] } },
{ "type": "Feature", "properties": { "OBJECTID": 9, "RO_ACCT": 172524, "SITE_NAME": "FRAMINGHAM MILLWOOD STREET LANDFILL", "ADDRESS": "MILLWOOD ST", "TOWN": "FRAMINGHAM", "REGION": "NE", "STATUS": "Inactive", "WASTE_TYPE": "MSW", "ACRES": 29.9, "SW_ID": "0100.002", "CATGRPGIS": "Land Disposal-DG", "Shape__Area": 120448.15075236, "Shape__Length": 1231.84850755668 }, "geometry": { "type": "Polygon", "coordinates": [ [ [ -71.456964109939278, 42.32027610194104 ], [ -71.456550868314949, 42.3203029559673 ], [ -71.456149721423401, 42.320382140463273 ], [ -71.455773368212775, 42.320512537783237 ], [ -71.455433187101789, 42.320689088468896 ], [ -71.455139795038576, 42.320906729269431 ], [ -71.454901346275264, 42.321159279671505 ], [ -71.454725618983062, 42.321437737513357 ], [ -71.454617738152081, 42.321735350255111 ], [ -71.454581312177467, 42.322042559372797 ], [ -71.454617298047154, 42.322349233491984 ], [ -71.45472437441957, 42.3226469327441 ], [ -71.454899707791995, 42.322926091183582 ], [ -71.455137427002612, 42.323178263329801 ], [ -71.455430711827233, 42.323396696713552 ], [ -71.455771040326951, 42.323573509235437 ], [ -71.456146852744851, 42.323703631966062 ], [ -71.456547530439082, 42.323783684476886 ], [ -71.456961706783758, 42.323810848862891 ], [ -71.457374780662903, 42.32378399420913 ], [ -71.457775758323208, 42.323704804524716 ], [ -71.458152126389436, 42.323574400736277 ], [ -71.458492315053761, 42.323398405690043 ], [ -71.458786086867576, 42.323180754782413 ], [ -71.459024529322136, 42.322927635552062 ], [ -71.459200241838616, 42.322649171225933 ], [ -71.45930810146892, 42.322351552440104 ], [ -71.459344504679763, 42.322044342745301 ], [ -71.459308496080553, 42.321737670086812 ], [ -71.459201210434784, 42.32143997498104 ], [ -71.459026052672343, 42.32116082398381 ], [ -71.458788135450817, 42.320908095224816 ], [ -71.458494848987741, 42.320690234771774 ], [ -71.458154717631572, 42.320513429375389 ], [ -71.457778731990885, 42.320383313052666 ], [ -71.457378073049824, 42.320303265675925 ], [ -71.456964109939278, 42.32027610194104 ] ] ] } },
{ "type": "Feature", "properties": { "OBJECTID": 10, "RO_ACCT": 173004, "SITE_NAME": "TEWKSBURY STUMP LANDFILL", "ADDRESS": "PINE ST", "TOWN": "TEWKSBURY", "REGION": "NE", "STATUS": "Inactive", "WASTE_TYPE": "WOODWASTE", "ACRES": 29.9, "SW_ID": "0295.003", "CATGRPGIS": "Land Disposal-DG", "Shape__Area": 120448.176057825, "Shape__Length": 1231.84863671629 }, "geometry": { "type": "Polygon", "coordinates": [ [ [ -71.247566243657275, 42.594168964802925 ], [ -71.247151118173363, 42.59419506316587 ], [ -71.246747966076796, 42.594273512039905 ], [ -71.246369546401809, 42.594403214296435 ], [ -71.246027300130663, 42.594579131563805 ], [ -71.245731909555445, 42.594796224805677 ], [ -71.24549158734159, 42.595048320714469 ], [ -71.245314170452943, 42.595326437340916 ], [ -71.245204832217524, 42.595623834679472 ], [ -71.245167229718206, 42.595930952472784 ], [ -71.245202350423554, 42.59623766991006 ], [ -71.245308905057129, 42.596535543548598 ], [ -71.245484071080568, 42.596815001155356 ], [ -71.245721983550496, 42.597067588975108 ], [ -71.246015818731593, 42.597286539911366 ], [ -71.246357037765904, 42.597463959599295 ], [ -71.246734047541182, 42.597594757518401 ], [ -71.247136201841727, 42.59767553415719 ], [ -71.247552085507962, 42.597703451089707 ], [ -71.247967043856207, 42.597677350896944 ], [ -71.248370026130289, 42.597598897430231 ], [ -71.248748460877707, 42.597469188738799 ], [ -71.249090711789478, 42.597293826188832 ], [ -71.249386483873749, 42.597076726241248 ], [ -71.249626801695612, 42.596824059741465 ], [ -71.249804202552781, 42.596545935707972 ], [ -71.249913520682767, 42.596248534094848 ], [ -71.249951101466692, 42.595941412987095 ], [ -71.249915956595885, 42.595634696965426 ], [ -71.249809192847223, 42.595336828891384 ], [ -71.249634201822687, 42.59505737903774 ], [ -71.24939609220479, 42.59480423697795 ], [ -71.24910225583929, 42.59458585532407 ], [ -71.248761233512354, 42.594408444010021 ], [ -71.248384048520606, 42.594277652173481 ], [ -71.247981914303466, 42.594196879800322 ], [ -71.247566243657275, 42.594168964802925 ] ] ] } },
{ "type": "Feature", "properties": { "OBJECTID": 11, "RO_ACCT": 172838, "SITE_NAME": "JOHN HILL DEMOLITION LANDFILL", "ADDRESS": "SCHOOL ST", "TOWN": "PEMBROKE", "REGION": "SE", "STATUS": "Inactive", "WASTE_TYPE": "MSW", "ACRES": 15.32466629, "SW_ID": "0231.003", "CATGRPGIS": "Land Disposal-DG", "Shape__Area": 62018.932002335001, "Shape__Length": 1030.3011508061602 }, "geometry": { "type": "Polygon", "coordinates": [ [ [ -70.813167812508652, 42.035942491302713 ], [ -70.811882850499828, 42.036102462224697 ], [ -70.810859536172615, 42.036200969893443 ], [ -70.810402181475538, 42.037602772704588 ], [ -70.814035564828259, 42.038858104982154 ], [ -70.814047049069714, 42.038388300374187 ], [ -70.814164379424085, 42.038130712595198 ], [ -70.813959017245381, 42.037871753937381 ], [ -70.813738125380581, 42.037618328086936 ], [ -70.813702827547502, 42.037234339581197 ], [ -70.813697684150952, 42.03695913673905 ], [ -70.813523322805821, 42.036626084514644 ], [ -70.813418963587182, 42.036241679681453 ], [ -70.813167812508652, 42.035942491302713 ] ] ] } },
{ "type": "Feature", "properties": { "OBJECTID": 12, "RO_ACCT": 172408, "SITE_NAME": "CHELSEA MARGINAL STREET DUMP", "ADDRESS": "MARGINAL ST", "TOWN": "CHELSEA", "REGION": "NE", "STATUS": "Inactive", "WASTE_TYPE": "MSW", "ACRES": 29.9, "SW_ID": "0057.001", "CATGRPGIS": "Land Disposal-DG", "Shape__Area": 120448.15373046501, "Shape__Length": 1231.8485222449801 }, "geometry": { "type": "Polygon", "coordinates": [ [ [ -71.033967375018037, 42.38632453797144 ], [ -71.033553527214195, 42.386349869557918 ], [ -71.033151436561923, 42.386427576515494 ], [ -71.03277382260849, 42.386556585262532 ], [ -71.03243211056963, 42.38673187835699 ], [ -71.032136958538246, 42.386948436243493 ], [ -71.031896573014933, 42.387200099591745 ], [ -71.031718802781398, 42.387477903220102 ], [ -71.031608819641164, 42.387775113616797 ], [ -71.031570300922013, 42.388082178597777 ], [ -71.031604272322653, 42.388388977785787 ], [ -71.031709467634926, 42.388687062175528 ], [ -71.031883113204046, 42.388966857447052 ], [ -71.032119390730415, 42.38921989855077 ], [ -71.032411519366988, 42.389439405403941 ], [ -71.032751015039338, 42.389617465632824 ], [ -71.033126343620864, 42.389748967917377 ], [ -71.033526901773044, 42.389830492856227 ], [ -71.033941322705857, 42.389859180759416 ], [ -71.034355003869464, 42.389833847031994 ], [ -71.034756924035705, 42.389756135158805 ], [ -71.035134553050952, 42.389627119999119 ], [ -71.035476271539508, 42.389452381668221 ], [ -71.035771801511984, 42.389235816865416 ], [ -71.036012183485965, 42.388983581977811 ], [ -71.036189939082774, 42.38870577271377 ], [ -71.036299902308414, 42.38840855800273 ], [ -71.036338398258209, 42.388101491462187 ], [ -71.036304404028769, 42.387794695452449 ], [ -71.036198997891731, 42.387496612633235 ], [ -71.036025526715747, 42.387216823643556 ], [ -71.035789055714972, 42.386963228817564 ], [ -71.035496925095515, 42.386744292185291 ], [ -71.035157625346869, 42.386566240700084 ], [ -71.034782120774565, 42.386434744173435 ], [ -71.034381584943759, 42.38635322354984 ], [ -71.033967375018037, 42.38632453797144 ] ] ] } },
{ "type": "Feature", "properties": { "OBJECTID": 13, "RO_ACCT": 172783, "SITE_NAME": "HAROLD PARKER STATE FOREST DUMP", "ADDRESS": "MIDDLETON ST", "TOWN": "NORTH ANDOVER", "REGION": "NE", "STATUS": "Inactive", "WASTE_TYPE": "MSW", "ACRES": 0.49780807, "SW_ID": "0210.002", "CATGRPGIS": "Land Disposal-DG", "Shape__Area": 2014.63044532, "Shape__Length": 159.31481697241003 }, "geometry": { "type": "Polygon", "coordinates": [ [ [ -71.064491601985566, 42.612196416936087 ], [ -71.064437877432482, 42.61219959107288 ], [ -71.064385819743094, 42.612209522302507 ], [ -71.064336764637744, 42.612226215666524 ], [ -71.064292424646084, 42.612249117686872 ], [ -71.064254145736442, 42.612277105458674 ], [ -71.064222879971979, 42.612309620836797 ], [ -71.06419977953108, 42.612345543786894 ], [ -71.064185613939372, 42.612383749228911 ], [ -71.06418057598971, 42.612423677950154 ], [ -71.064185065176815, 42.612463079982646 ], [ -71.064198697620654, 42.612501952976189 ], [ -71.064221299980417, 42.612538048397674 ], [ -71.06425192433926, 42.612570797320053 ], [ -71.06428981432768, 42.612599072495215 ], [ -71.064334025654034, 42.612622307709422 ], [ -71.064382657539539, 42.612639370497071 ], [ -71.064434575554685, 42.612649693929654 ], [ -71.064488443932831, 42.612653273865455 ], [ -71.064542167651453, 42.612650099700993 ], [ -71.064594224461572, 42.612640168397618 ], [ -71.064643281045889, 42.61262347403067 ], [ -71.064687621167266, 42.612600572778433 ], [ -71.064725901299624, 42.612572584870222 ], [ -71.06475716571623, 42.612540069353877 ], [ -71.064780265910642, 42.612504146294391 ], [ -71.064794431168821, 42.612465940780829 ], [ -71.064799467514135, 42.612426012028692 ], [ -71.064794983050589, 42.612386047394793 ], [ -71.064781346377316, 42.612347737099739 ], [ -71.064758743764969, 42.612311641785816 ], [ -71.064728120487317, 42.612278892999889 ], [ -71.064690039152993, 42.612250617244527 ], [ -71.064646018085426, 42.612227381980581 ], [ -71.064597385221617, 42.612210320197384 ], [ -71.064545278637596, 42.612199996124254 ], [ -71.064491601985566, 42.612196416936087 ] ] ] } },
{ "type": "Feature", "properties": { "OBJECTID": 14, "RO_ACCT": 229791, "SITE_NAME": "WRENTHAM STATE SCHOOL SLUDGE LANDFILL", "ADDRESS": "NORTH ST", "TOWN": "WRENTHAM", "REGION": "SE", "STATUS": "Inactive", "WASTE_TYPE": "SLUDGE", "ACRES": 0.76073205, "SW_ID": "0350.004", "CATGRPGIS": "Land Disposal-DG", "Shape__Area": 3078.6828585899998, "Shape__Length": 280.07391290689606 }, "geometry": { "type": "Polygon", "coordinates": [ [ [ -71.315468971416763, 42.089569442210916 ], [ -71.315486717155181, 42.089377025450567 ], [ -71.315228517194299, 42.089385050580631 ], [ -71.315056911465973, 42.089231154717744 ], [ -71.314884833177246, 42.089239319027534 ], [ -71.314885467664681, 42.089021553046138 ], [ -71.314828365369735, 42.088914547130223 ], [ -71.314610405834472, 42.08891869610418 ], [ -71.314568497897866, 42.08955954709792 ], [ -71.315468971416763, 42.089569442210916 ] ] ] } },
{ "type": "Feature", "properties": { "OBJECTID": 15, "RO_ACCT": 173031, "SITE_NAME": "WALTHAM DUMP", "ADDRESS": "SAWYER RD", "TOWN": "WALTHAM", "REGION": "NE", "STATUS": "Inactive", "WASTE_TYPE": "MSW", "ACRES": 3.8889932, "SW_ID": "0308.003", "CATGRPGIS": "Land Disposal-DG", "Shape__Area": 15738.75202057, "Shape__Length": 497.87601254476004 }, "geometry": { "type": "Polygon", "coordinates": [ [ [ -71.253854563788408, 42.361831634498479 ], [ -71.253833552216776, 42.361763211324678 ], [ -71.253458253112697, 42.361609870896537 ], [ -71.25307921159272, 42.361493350832319 ], [ -71.252764193127334, 42.361355905961446 ], [ -71.252594019129489, 42.361345020228732 ], [ -71.252338449352649, 42.361407588951259 ], [ -71.251820401082057, 42.361485370260745 ], [ -71.251585880326289, 42.361605842049094 ], [ -71.251500152552751, 42.361763452866789 ], [ -71.251733168322559, 42.362026950925056 ], [ -71.251697313573302, 42.362126812008569 ], [ -71.251987234573505, 42.362348353194214 ], [ -71.252326867030277, 42.362554220555189 ], [ -71.252525475701759, 42.362549387721295 ], [ -71.25306565031741, 42.362255994560222 ], [ -71.253854563788408, 42.361831634498479 ] ] ] } },
{ "type": "Feature", "properties": { "OBJECTID": 16, "RO_ACCT": 172571, "SITE_NAME": "EARL F SIMMONS COMPANY", "ADDRESS": "206 SILVER ST", "TOWN": "HANOVER", "REGION": "SE", "STATUS": "Inactive", "WASTE_TYPE": "MSW", "ACRES": 7.16649953, "SW_ID": "0122.002", "CATGRPGIS": "Land Disposal-DG", "Shape__Area": 29002.821974164999, "Shape__Length": 980.84782067947003 }, "geometry": { "type": "Polygon", "coordinates": [ [ [ -70.846072546327733, 42.125462096095546 ], [ -70.845954026382401, 42.125525296350972 ], [ -70.845792087317932, 42.125825703645191 ], [ -70.845726708494198, 42.125840791048937 ], [ -70.845581031455566, 42.125837940528577 ], [ -70.845379195207954, 42.12577826155794 ], [ -70.845209545643812, 42.125677846413488 ], [ -70.84515254787064, 42.125577934454306 ], [ -70.844880471816936, 42.125501491169047 ], [ -70.844754910360194, 42.125447847319869 ], [ -70.844495406468369, 42.125188510564072 ], [ -70.84430916093855, 42.125100332934743 ], [ -70.844264569362252, 42.125062112004734 ], [ -70.844273956582654, 42.124931689568982 ], [ -70.843811778892871, 42.124699175646086 ], [ -70.843716560388089, 42.124615858880119 ], [ -70.843655204299964, 42.124592390166228 ], [ -70.843439453538053, 42.124560873643929 ], [ -70.843336356373115, 42.12448024035379 ], [ -70.843276509286511, 42.124455429566225 ], [ -70.843206269024975, 42.12447487594649 ], [ -70.843041648636927, 42.12458082290744 ], [ -70.843053885967933, 42.124716274333075 ], [ -70.842995548271716, 42.124875195529633 ], [ -70.84300376276687, 42.124926157134617 ], [ -70.843239797223546, 42.125322453794539 ], [ -70.843326298209078, 42.125408955021648 ], [ -70.843347923324089, 42.125461090975087 ], [ -70.843311881102181, 42.125564188164958 ], [ -70.843332166021611, 42.125670135445347 ], [ -70.843278689073415, 42.125825535462866 ], [ -70.843336524931814, 42.125928465722573 ], [ -70.843401902742144, 42.125932488588944 ], [ -70.843473485104042, 42.125914049156862 ], [ -70.84352176448408, 42.125875994509691 ], [ -70.843596195447574, 42.125666112123163 ], [ -70.843663251146822, 42.125649012463946 ], [ -70.843789482091907, 42.125697627517908 ], [ -70.843973214219531, 42.125928968895238 ], [ -70.843978913359194, 42.125983618232176 ], [ -70.843955108768725, 42.126034077703018 ], [ -70.843806079343921, 42.126219820729716 ], [ -70.843707507317959, 42.126301125401639 ], [ -70.843685882700299, 42.126352087090034 ], [ -70.843692419721108, 42.126461386753022 ], [ -70.843750087926281, 42.126489382848526 ], [ -70.844261048401137, 42.126521233585486 ], [ -70.84454737422196, 42.126502793287614 ], [ -70.845041571618154, 42.126409922565252 ], [ -70.845731234912662, 42.126241445880837 ], [ -70.846157873751665, 42.126176569727434 ], [ -70.846296007284195, 42.126129463178152 ], [ -70.846333893791012, 42.1260909068926 ], [ -70.846309586738315, 42.125980768638179 ], [ -70.846142283249364, 42.125804078485324 ], [ -70.846140607317281, 42.125748254766073 ], [ -70.846263821454627, 42.125693268834517 ], [ -70.846300198643576, 42.12565186246016 ], [ -70.846292990397671, 42.125596876911814 ], [ -70.846253260417157, 42.125552788148305 ], [ -70.846072546327733, 42.125462096095546 ] ] ] } },
{ "type": "Feature", "properties": { "OBJECTID": 17, "RO_ACCT": 439777, "SITE_NAME": "SOUTHWOOD HOSPITAL FORMER", "ADDRESS": "111 DEDHAM ST", "TOWN": "NORFOLK", "REGION": "CE", "STATUS": "Inactive", "WASTE_TYPE": "MSW", "ACRES": 0.87107226, "SW_ID": "0208.003", "CATGRPGIS": "Land Disposal-DG", "Shape__Area": 3525.2303792550001, "Shape__Length": 236.74810787663901 }, "geometry": { "type": "Polygon", "coordinates": [ [ [ -71.290735752620122, 42.096335586697073 ], [ -71.290859938994174, 42.096277488710271 ], [ -71.291003654493878, 42.096234006986144 ], [ -71.291160293914089, 42.096229432770961 ], [ -71.291441006034461, 42.096200781886417 ], [ -71.291584880418682, 42.096108695696053 ], [ -71.291643726285329, 42.096074780399015 ], [ -71.291670005458357, 42.096021363324837 ], [ -71.291670308297881, 42.095929016673125 ], [ -71.291631487403905, 42.095826878039944 ], [ -71.291566371576778, 42.095783015474289 ], [ -71.291488124221644, 42.095763431429042 ], [ -71.29139029853097, 42.095743811670069 ], [ -71.291298887656581, 42.095758226788305 ], [ -71.291103061873102, 42.095772450527924 ], [ -71.290946360804156, 42.095796467062975 ], [ -71.290835195322217, 42.095864308832553 ], [ -71.290802374168408, 42.095922573720777 ], [ -71.290762850305114, 42.096034291235647 ], [ -71.290729739590645, 42.096180042823228 ], [ -71.290729467404745, 42.096262668722211 ], [ -71.290735752620122, 42.096335586697073 ] ] ] } },
{ "type": "Feature", "properties": { "OBJECTID": 18, "RO_ACCT": 172552, "SITE_NAME": "BRUSH BURN DUMP", "ADDRESS": "DIVISION ST", "TOWN": "GREAT BARRINGTON", "REGION": "WE", "STATUS": "Inactive", "WASTE_TYPE": "WOODWASTE", "ACRES": 1.80770782, "SW_ID": "0113.001", "CATGRPGIS": "Land Disposal-DG", "Shape__Area": 7315.7924406149996, "Shape__Length": 306.74514236124804 }, "geometry": { "type": "Polygon", "coordinates": [ [ [ -73.393145262081575, 42.218203240354335 ], [ -73.392867631141812, 42.218305189647509 ], [ -73.392695739980198, 42.218496573961353 ], [ -73.392675519828259, 42.218725977884219 ], [ -73.39281249027789, 42.218932528568281 ], [ -73.393069921994524, 42.219060545049949 ], [ -73.393378816582114, 42.219075146867127 ], [ -73.393656464454438, 42.218973758942631 ], [ -73.393828448459331, 42.218782371647116 ], [ -73.393848601610856, 42.218552404831492 ], [ -73.393711580198513, 42.218345857069586 ], [ -73.393454166837046, 42.218218402762197 ], [ -73.393145262081575, 42.218203240354335 ] ] ] } },
{ "type": "Feature", "properties": { "OBJECTID": 19, "RO_ACCT": 343145, "SITE_NAME": "NORTHAMPTON STATE HOSPITAL DUMP", "ADDRESS": "PRINCE ST", "TOWN": "NORTHAMPTON", "REGION": "WE", "STATUS": "Closed", "WASTE_TYPE": "MSW", "ACRES": 0.97358045, "SW_ID": "0214.010", "CATGRPGIS": "Land Disposal-DG", "Shape__Area": 3940.0786331999998, "Shape__Length": 384.34736360905504 }, "geometry": { "type": "MultiPolygon", "coordinates": [ [ [ [ -72.650845848532782, 42.313194541007086 ], [ -72.651584910604655, 42.313565292368523 ], [ -72.651858116074976, 42.313381354855309 ], [ -72.651069683826705, 42.312974521363465 ], [ -72.650845848532782, 42.313194541007086 ] ] ], [ [ [ -72.650462970680294, 42.313914731152622 ], [ -72.651042838996204, 42.314182411679731 ], [ -72.651239788422245, 42.313979543898405 ], [ -72.650692149544611, 42.313691284235809 ], [ -72.650462970680294, 42.313914731152622 ] ] ] ] } },
{ "type": "Feature", "properties": { "OBJECTID": 20, "RO_ACCT": 172326, "SITE_NAME": "BERKLEY CHURCH STREET DUMP", "ADDRESS": "CHURCH ST", "TOWN": "BERKLEY", "REGION": "SE", "STATUS": "Inactive", "WASTE_TYPE": "MSW", "ACRES": 4.38236914, "SW_ID": "0027.002", "CATGRPGIS": "Land Disposal-DG", "Shape__Area": 17735.451467965002, "Shape__Length": 474.51158376643303 }, "geometry": { "type": "Polygon", "coordinates": [ [ [ -71.021671825770056, 41.835815812770285 ], [ -71.021359068313856, 41.835855579633687 ], [ -71.021083161543487, 41.83597315647323 ], [ -71.020877884185538, 41.836154054602225 ], [ -71.020767858545227, 41.836376431572326 ], [ -71.020766074488137, 41.836613895046938 ], [ -71.020872565219264, 41.836837180749775 ], [ -71.021075110076609, 41.837020354399336 ], [ -71.02134924070117, 41.837140240167528 ], [ -71.021661576190212, 41.837182629421655 ], [ -71.021974152152268, 41.837142860945015 ], [ -71.022249874527802, 41.837025281172288 ], [ -71.022455338609859, 41.83684438137054 ], [ -71.022565548189093, 41.836622003570554 ], [ -71.022567325533998, 41.836384541868668 ], [ -71.022460644839086, 41.836160692442022 ], [ -71.022257906709456, 41.835978083163702 ], [ -71.021983968383807, 41.835858200362608 ], [ -71.021671825770056, 41.835815812770285 ] ] ] } },
{ "type": "Feature", "properties": { "OBJECTID": 21, "RO_ACCT": 172872, "SITE_NAME": "CHARLES STREET DUMPING GROUND", "ADDRESS": "CHARLES ST", "TOWN": "READING", "REGION": "NE", "STATUS": "Inactive", "WASTE_TYPE": "MSW", "ACRES": 29.9, "SW_ID": "0246.002", "CATGRPGIS": "Land Disposal-DG", "Shape__Area": 120448.15975857501, "Shape__Length": 1231.8485540740101 }, "geometry": { "type": "Polygon", "coordinates": [ [ [ -71.099450077326338, 42.523318437905395 ], [ -71.099035357362652, 42.523344005031639 ], [ -71.098632474433785, 42.52342193810788 ], [ -71.09825417580204, 42.523551156355452 ], [ -71.097911902611088, 42.523726638693105 ], [ -71.097616334557159, 42.523943356086896 ], [ -71.09737568831477, 42.524195150148344 ], [ -71.097197819237934, 42.524473043435563 ], [ -71.097087906989088, 42.524770305142894 ], [ -71.097049624529049, 42.525077382218953 ], [ -71.097083986871922, 42.525384150446875 ], [ -71.097189719916258, 42.525682166351274 ], [ -71.097364032868114, 42.525961852119721 ], [ -71.097601085988259, 42.526214749910899 ], [ -71.097894076682095, 42.526434081937687 ], [ -71.098234495442654, 42.526611943636574 ], [ -71.098610774166573, 42.526743226816798 ], [ -71.099012286577391, 42.526824520944537 ], [ -71.099427637019062, 42.526852972894609 ], [ -71.099842190023722, 42.526827403723196 ], [ -71.100244903333362, 42.526749466735097 ], [ -71.100623217070961, 42.526620241169638 ], [ -71.100965494854194, 42.526445314468113 ], [ -71.101261444064605, 42.526228590855929 ], [ -71.101502083674575, 42.525976226172759 ], [ -71.10167993804167, 42.525698324560551 ], [ -71.101789832694038, 42.525401060361212 ], [ -71.101828092284762, 42.525093980838903 ], [ -71.101793707033011, 42.524787214000774 ], [ -71.101687761442889, 42.524489202481206 ], [ -71.10151362325125, 42.524209523792173 ], [ -71.101276376903627, 42.523956069707786 ], [ -71.100983383623714, 42.523737307874804 ], [ -71.100643162480424, 42.523559454808243 ], [ -71.100266707442287, 42.523428177482891 ], [ -71.099865216245803, 42.523346887651414 ], [ -71.099450077326338, 42.523318437905395 ] ] ] } },
{ "type": "Feature", "properties": { "OBJECTID": 22, "RO_ACCT": 172901, "SITE_NAME": "PALMER COVE DUMP", "ADDRESS": "SALEM ST LEAVITT ST", "TOWN": "SALEM", "REGION": "NE", "STATUS": "Inactive", "WASTE_TYPE": "MSW", "ACRES": 7.25748418, "SW_ID": "0258.009", "CATGRPGIS": "Land Disposal-DG", "Shape__Area": 29371.0389005, "Shape__Length": 771.47100381640007 }, "geometry": { "type": "Polygon", "coordinates": [ [ [ -70.88906368756561, 42.514998531795477 ], [ -70.890291801568637, 42.514795810875299 ], [ -70.890226697363573, 42.514556535699754 ], [ -70.890185943432897, 42.514303436026196 ], [ -70.890091779111003, 42.514288443629901 ], [ -70.890118860632001, 42.514193428652803 ], [ -70.890073690070338, 42.513881157090999 ], [ -70.890216302696544, 42.513869217690491 ], [ -70.890365314700958, 42.513887650957081 ], [ -70.890363810235229, 42.513879630623727 ], [ -70.890517932965253, 42.513898090716644 ], [ -70.890506409036902, 42.513831319996534 ], [ -70.890623186595406, 42.513823204689395 ], [ -70.890595536304943, 42.513725198594294 ], [ -70.890158053301263, 42.51332370682168 ], [ -70.889904637182141, 42.513078483642765 ], [ -70.888395898963353, 42.513273320136186 ], [ -70.888462226457634, 42.513561308329436 ], [ -70.888009890982985, 42.513688996788566 ], [ -70.888037123736027, 42.513741806985472 ], [ -70.888066997212647, 42.51381092603102 ], [ -70.888109723155964, 42.513897398413107 ], [ -70.888145068131138, 42.513966996606925 ], [ -70.888251939969052, 42.514189929750344 ], [ -70.888297966209976, 42.51428749284986 ], [ -70.888338605552676, 42.514338213452255 ], [ -70.888347662767501, 42.51437049107011 ], [ -70.888351314530198, 42.514382934131184 ], [ -70.888324701193213, 42.51439170558627 ], [ -70.888236174494168, 42.514422835265513 ], [ -70.888231902486567, 42.514424162998417 ], [ -70.888262815308821, 42.514511652043453 ], [ -70.888595522451055, 42.514611365941818 ], [ -70.888948440173948, 42.514634753309672 ], [ -70.88906368756561, 42.514998531795477 ] ] ] } },
{ "type": "Feature", "properties": { "OBJECTID": 23, "RO_ACCT": 172362, "SITE_NAME": "WALWORTH FOUNDRY LANDFILL", "ADDRESS": "1525 WASHINGTON ST", "TOWN": "BRAINTREE", "REGION": "SE", "STATUS": "Inactive", "WASTE_TYPE": "MSW", "ACRES": 0.8738675, "SW_ID": "0040.001", "CATGRPGIS": "Land Disposal-DG", "Shape__Area": 3536.5462550050001, "Shape__Length": 311.30248310336401 }, "geometry": { "type": "Polygon", "coordinates": [ [ [ -71.01407112618142, 42.185215343706673 ], [ -71.014021817344783, 42.184901984968938 ], [ -71.013171710922506, 42.184980787126577 ], [ -71.013188701925387, 42.185173145065711 ], [ -71.01264381238397, 42.185426295155743 ], [ -71.012764829936174, 42.185539434480575 ], [ -71.013457433311331, 42.185289656550424 ], [ -71.01407112618142, 42.185215343706673 ] ] ] } },
{ "type": "Feature", "properties": { "OBJECTID": 24, "RO_ACCT": 172850, "SITE_NAME": "PLAINFIELD DUMP", "ADDRESS": "UNION/NORTH ST", "TOWN": "PLAINFIELD", "REGION": "WE", "STATUS": "Inactive", "WASTE_TYPE": "MSW", "ACRES": 29.9, "SW_ID": "0237.002", "CATGRPGIS": "Land Disposal-DG", "Shape__Area": 120448.090637495, "Shape__Length": 1231.8482160955602 }, "geometry": { "type": "Polygon", "coordinates": [ [ [ -72.906729571336328, 42.528544697224405 ], [ -72.906315642416487, 42.528576756187569 ], [ -72.905915145047317, 42.528660986191859 ], [ -72.905540600126812, 42.528796103888332 ], [ -72.905203400736539, 42.528976908838935 ], [ -72.904913893723162, 42.529198212559251 ], [ -72.90468058909839, 42.52945371904265 ], [ -72.904510706771418, 42.529734337064653 ], [ -72.904409420307672, 42.530033253882543 ], [ -72.90437993740224, 42.530340861568135 ], [ -72.904423085158669, 42.530647021939934 ], [ -72.904537149379507, 42.530943314914019 ], [ -72.904719451128429, 42.531220206580734 ], [ -72.904963715607195, 42.531469332185573 ], [ -72.905262947025676, 42.531684023882228 ], [ -72.905608507922096, 42.531856509265644 ], [ -72.905988400692792, 42.531981866963605 ], [ -72.906392278898551, 42.532056849161279 ], [ -72.906808385587752, 42.532078784495923 ], [ -72.907222051211463, 42.532046726384991 ], [ -72.907622665753436, 42.531962493432438 ], [ -72.907997224993537, 42.531827368191514 ], [ -72.908334441718566, 42.531647116916702 ], [ -72.908624140261011, 42.531425802409956 ], [ -72.908857422424845, 42.531169725529281 ], [ -72.909027290478804, 42.530889100300463 ], [ -72.909128556456011, 42.530590180397851 ], [ -72.909158015106769, 42.530282571534769 ], [ -72.909114845838033, 42.529976412889368 ], [ -72.909000474655812, 42.529680127873796 ], [ -72.908818445776916, 42.52940323934822 ], [ -72.908573876740178, 42.529153562671318 ], [ -72.908274658595914, 42.528939441089328 ], [ -72.907929391200682, 42.528766961879363 ], [ -72.907549229120491, 42.528641612139971 ], [ -72.907145370186356, 42.528566633938276 ], [ -72.906729571336328, 42.528544697224405 ] ] ] } },
{ "type": "Feature", "properties": { "OBJECTID": 25, "RO_ACCT": 173000, "SITE_NAME": "HUTCHINSON DUMP", "ADDRESS": "409 HUBBARDSTON RD", "TOWN": "TEMPLETON", "REGION": "CE", "STATUS": "Inactive", "WASTE_TYPE": "MSW", "ACRES": 6.50079883, "SW_ID": "0294.006", "CATGRPGIS": "Land Disposal-DG", "Shape__Area": 26308.736069675, "Shape__Length": 1087.2346032190401 }, "geometry": { "type": "Polygon", "coordinates": [ [ [ -72.044105195261807, 42.531169955255478 ], [ -72.043969947849803, 42.531364696160978 ], [ -72.044128515133025, 42.531913854605769 ], [ -72.044250756024553, 42.532709692828583 ], [ -72.04481495214624, 42.532725991926348 ], [ -72.044633604188959, 42.532508782604957 ], [ -72.044647210234345, 42.532423881636824 ], [ -72.044759581518761, 42.532431312772403 ], [ -72.04487871552314, 42.532334991319182 ], [ -72.04527668102844, 42.532176742746664 ], [ -72.045536843239873, 42.532017502661574 ], [ -72.045770744185432, 42.531925568928756 ], [ -72.045958271595111, 42.531901541076465 ], [ -72.046213158847905, 42.532044652735749 ], [ -72.04667088726508, 42.532487281663585 ], [ -72.047161497584028, 42.532795475658666 ], [ -72.04715095159446, 42.532887843556928 ], [ -72.047094873140949, 42.532963641248237 ], [ -72.047232055309166, 42.53308048397156 ], [ -72.047481909219499, 42.533104475654177 ], [ -72.047742569223658, 42.53301271430886 ], [ -72.047779520809982, 42.532933885955373 ], [ -72.047604395772083, 42.532835336337406 ], [ -72.047115019090896, 42.532669809473155 ], [ -72.046749006847463, 42.532335848016928 ], [ -72.046587459180202, 42.532026093126255 ], [ -72.046330593742553, 42.53178396145146 ], [ -72.046603849546642, 42.531738292899348 ], [ -72.046617016310321, 42.531652749164515 ], [ -72.046417293283142, 42.531540461146356 ], [ -72.046341911421464, 42.531368213552106 ], [ -72.046236094896585, 42.531296631114017 ], [ -72.046120254533662, 42.531146694342631 ], [ -72.046018223838445, 42.531062418136493 ], [ -72.045965764591159, 42.531057364879018 ], [ -72.04561992252296, 42.531040504036085 ], [ -72.045469611134877, 42.531148832879744 ], [ -72.045209406841352, 42.531110140466453 ], [ -72.045137140845952, 42.531168577563413 ], [ -72.044712613445597, 42.531266380011822 ], [ -72.044455913546457, 42.531229667020298 ], [ -72.04432715407647, 42.531163906892729 ], [ -72.044121892537603, 42.531145913400593 ], [ -72.044105195261807, 42.531169955255478 ] ] ] } },
{ "type": "Feature", "properties": { "OBJECTID": 26, "RO_ACCT": 172373, "SITE_NAME": "ACUSHNET DUMP", "ADDRESS": "BEECH ST", "TOWN": "ACUSHNET", "REGION": "SE", "STATUS": "Inactive", "WASTE_TYPE": "MSW", "ACRES": 15.18019785, "SW_ID": "0003.005", "CATGRPGIS": "Land Disposal-DG", "Shape__Area": 61434.271115975003, "Shape__Length": 1051.71845993697 }, "geometry": { "type": "Polygon", "coordinates": [ [ [ -70.913212715920679, 41.668873851693526 ], [ -70.913212796783043, 41.66886503835476 ], [ -70.913624660014676, 41.668814282292949 ], [ -70.913835784036337, 41.670146197911997 ], [ -70.915694834568669, 41.669944239004401 ], [ -70.915707635601962, 41.669829730455206 ], [ -70.915875167985533, 41.669504494539432 ], [ -70.915868082410626, 41.668993280236009 ], [ -70.915872429030912, 41.668517377847593 ], [ -70.916023129467007, 41.667460540726623 ], [ -70.91603745711825, 41.66717858405439 ], [ -70.912977375719734, 41.667621130946024 ], [ -70.913212715920679, 41.668873851693526 ] ] ] } },
{ "type": "Feature", "properties": { "OBJECTID": 27, "RO_ACCT": 168989, "SITE_NAME": "FALL RIVER DEMOLITION LANDFILL", "ADDRESS": "LAUREL STREET MESSON ST", "TOWN": "FALL RIVER", "REGION": "SE", "STATUS": "Inactive", "WASTE_TYPE": "C&D WASTE", "ACRES": 29.9, "SW_ID": "0095.001", "CATGRPGIS": "Land Disposal-DG", "Shape__Area": 120448.1892047, "Shape__Length": 1231.8487040621401 }, "geometry": { "type": "Polygon", "coordinates": [ [ [ -71.167277800561493, 41.675296295668581 ], [ -71.166868607641945, 41.67532210719758 ], [ -71.166471150314621, 41.675400288626683 ], [ -71.16609800568969, 41.675529745243395 ], [ -71.165760456662653, 41.675705448618878 ], [ -71.165469038345947, 41.675922367330308 ], [ -71.165231853136646, 41.676174332904324 ], [ -71.165056636663138, 41.676452364863017 ], [ -71.164948496347293, 41.67674972854045 ], [ -71.164911047499814, 41.677056865757756 ], [ -71.164945279709485, 41.677363651357666 ], [ -71.165049926801814, 41.677661640679361 ], [ -71.165222227204893, 41.677941259085927 ], [ -71.165456403650595, 41.678194048415442 ], [ -71.165745740156737, 41.678413235862358 ], [ -71.166081832892601, 41.678590919101474 ], [ -71.166453260552743, 41.678721997017206 ], [ -71.166849534179903, 41.678803064907981 ], [ -71.167259407441762, 41.678831275105203 ], [ -71.167668435319626, 41.678805459824105 ], [ -71.168065723784622, 41.678727276367546 ], [ -71.168438883089095, 41.678597812403417 ], [ -71.168776437114232, 41.67842266290495 ], [ -71.169068231500631, 41.678205736824076 ], [ -71.169305413239073, 41.67795320054838 ], [ -71.169480614155347, 41.677675161149516 ], [ -71.16958873375539, 41.677377794066075 ], [ -71.169626160324043, 41.677070655311141 ], [ -71.169591905815011, 41.676763871118624 ], [ -71.169487051685067, 41.676465885426431 ], [ -71.169314923950267, 41.676186274016708 ], [ -71.16908055517608, 41.675932929360286 ], [ -71.168791215552275, 41.675714312200796 ], [ -71.168455317736715, 41.675536639303679 ], [ -71.168083717144597, 41.675405565569868 ], [ -71.167687463006118, 41.675324501973229 ], [ -71.167277800561493, 41.675296295668581 ] ] ] } },
{ "type": "Feature", "properties": { "OBJECTID": 28, "RO_ACCT": 172595, "SITE_NAME": "CAINS PIT LANDFILL", "ADDRESS": "SPRING LN", "TOWN": "HOLBROOK", "REGION": "SE", "STATUS": "Inactive", "WASTE_TYPE": "C&D WASTE", "ACRES": 1.01585281, "SW_ID": "0133.001", "CATGRPGIS": "Land Disposal-DG", "Shape__Area": 4111.15634297, "Shape__Length": 254.25303682834002 }, "geometry": { "type": "Polygon", "coordinates": [ [ [ -71.023343103318595, 42.129360994842266 ], [ -71.023355210661379, 42.129283953412347 ], [ -71.023327984126794, 42.129109401803504 ], [ -71.023248558730643, 42.129015661060734 ], [ -71.023151871410676, 42.128955611763878 ], [ -71.022928871836186, 42.128980568066765 ], [ -71.022642148619084, 42.129111048356542 ], [ -71.022487274310834, 42.129173988077248 ], [ -71.022274716074961, 42.12931828056886 ], [ -71.022290633694695, 42.129488284529955 ], [ -71.022330345955311, 42.129535154786815 ], [ -71.022381427884483, 42.129578134370448 ], [ -71.022478562801709, 42.129578539206669 ], [ -71.022581528499771, 42.129557584478214 ], [ -71.022678986089645, 42.129515224737588 ], [ -71.022787937151051, 42.129477414439286 ], [ -71.023056442650812, 42.129483034015507 ], [ -71.023211062418895, 42.129453854002975 ], [ -71.023296927425278, 42.129419886110192 ], [ -71.023343103318595, 42.129360994842266 ] ] ] } },
{ "type": "Feature", "properties": { "OBJECTID": 29, "RO_ACCT": 329373, "SITE_NAME": "ERVING STATE FOREST DUMP", "ADDRESS": "RTE 2A", "TOWN": "ERVING", "REGION": "WE", "STATUS": "Closed", "WASTE_TYPE": "MSW", "ACRES": 0.69908725, "SW_ID": "0091.005", "CATGRPGIS": "Land Disposal-DG", "Shape__Area": 2829.2053818350005, "Shape__Length": 274.95235059204504 }, "geometry": { "type": "MultiPolygon", "coordinates": [ [ [ [ -72.372266241460338, 42.601411945014156 ], [ -72.372183437199553, 42.60142278503703 ], [ -72.372157344780575, 42.601535333005252 ], [ -72.372227737987089, 42.601626725871526 ], [ -72.372353147212081, 42.6016972768115 ], [ -72.372533847985139, 42.6017674070646 ], [ -72.372740930942186, 42.601745415657049 ], [ -72.372823024541333, 42.6016835110564 ], [ -72.372863224876951, 42.601591281576184 ], [ -72.372833454233643, 42.601438297977325 ], [ -72.372708187659711, 42.601377960927003 ], [ -72.372555698345849, 42.601348473741751 ], [ -72.372266241460338, 42.601411945014156 ] ] ], [ [ [ -72.362520398187399, 42.602506551390007 ], [ -72.362411617884817, 42.602640143557572 ], [ -72.362413155441544, 42.602752481857905 ], [ -72.362496663374998, 42.602792716691454 ], [ -72.36268964585372, 42.602750416233292 ], [ -72.362813226202732, 42.602688211553513 ], [ -72.362824954869552, 42.60253491546473 ], [ -72.362686290081442, 42.602505311953216 ], [ -72.362520398187399, 42.602506551390007 ] ] ] ] } },
{ "type": "Feature", "properties": { "OBJECTID": 30, "RO_ACCT": 173101, "SITE_NAME": "UNCONFIRMED SITE", "ADDRESS": "NORTH HOOSAC RD", "TOWN": "WILLIAMSTOWN", "REGION": "WE", "STATUS": "Inactive", "WASTE_TYPE": "MSW", "ACRES": 0.48328559, "SW_ID": "0341.005", "CATGRPGIS": "Land Disposal-DG", "Shape__Area": 1954.4235089150002, "Shape__Length": 156.91701872839701 }, "geometry": { "type": "Polygon", "coordinates": [ [ [ -73.181054688632926, 42.707873503291474 ], [ -73.181042449840533, 42.707870814436518 ], [ -73.181029333560176, 42.707868684858504 ], [ -73.181015327515794, 42.707867112034577 ], [ -73.181000408423728, 42.707866092701309 ], [ -73.180984594541229, 42.707865624792248 ], [ -73.180967773401349, 42.707865702738907 ], [ -73.180949852231535, 42.707866326988984 ], [ -73.180930565086996, 42.707867505009219 ], [ -73.180911077684542, 42.707869229758529 ], [ -73.180892148739048, 42.70787152262178 ], [ -73.180873920648494, 42.707874367123537 ], [ -73.180856491925567, 42.707877749227151 ], [ -73.180839963259501, 42.707881644960317 ], [ -73.180824366211141, 42.707886047562056 ], [ -73.1808097468178, 42.707890943758528 ], [ -73.180796135251853, 42.707896320506393 ], [ -73.180776059966107, 42.707905742007682 ], [ -73.180757091464912, 42.70791628638284 ], [ -73.180739868481353, 42.707927596807487 ], [ -73.180724833756628, 42.707939383232173 ], [ -73.180717069367915, 42.707946563056325 ], [ -73.180709619829599, 42.707954423482917 ], [ -73.180702470905771, 42.707962980025115 ], [ -73.180695598910702, 42.70797226003814 ], [ -73.180682616944281, 42.707993067107218 ], [ -73.180670105953993, 42.708017747909466 ], [ -73.180659529649063, 42.708042918303221 ], [ -73.180652555065024, 42.708065173185418 ], [ -73.180650298615262, 42.708075578201282 ], [ -73.180648864016177, 42.708085534595156 ], [ -73.180648242346976, 42.70809507400952 ], [ -73.180648434161199, 42.708104217144786 ], [ -73.180650563514746, 42.708120261341875 ], [ -73.180654817795912, 42.708136923820895 ], [ -73.180661092834654, 42.708153778421533 ], [ -73.180669175660512, 42.708170256505838 ], [ -73.180675483529086, 42.708180618085755 ], [ -73.180682991041522, 42.708191054067633 ], [ -73.180691680487769, 42.70820154129909 ], [ -73.180701527839588, 42.708212048616325 ], [ -73.180712516775657, 42.708222559149249 ], [ -73.180724586986955, 42.708233008947765 ], [ -73.180737676036046, 42.708243345797243 ], [ -73.180751687886129, 42.708253493661722 ], [ -73.180765961115426, 42.708263097505743 ], [ -73.18077962655434, 42.708271657653412 ], [ -73.180792879096074, 42.708279294622571 ], [ -73.180805791896631, 42.708286050567622 ], [ -73.180818454001127, 42.708291968312331 ], [ -73.180830854161087, 42.708297038116328 ], [ -73.180843012166392, 42.708301269596006 ], [ -73.180854939072148, 42.708304665291926 ], [ -73.180867200292582, 42.708307368247304 ], [ -73.180880337838303, 42.708309513742087 ], [ -73.180894365205262, 42.708311104280973 ], [ -73.180909304432262, 42.708312142244324 ], [ -73.180925139678081, 42.708312628762386 ], [ -73.180941979796359, 42.708312571256243 ], [ -73.180959913874474, 42.708311968430472 ], [ -73.180979205441261, 42.708310813752753 ], [ -73.180998739954319, 42.708309110818519 ], [ -73.181017690447547, 42.708306842837089 ], [ -73.181035923063789, 42.708304026160377 ], [ -73.181053342950065, 42.708300674772644 ], [ -73.181069852980812, 42.70829680899395 ], [ -73.181085425327765, 42.708292438232846 ], [ -73.18110001876255, 42.708287572993051 ], [ -73.181113599427164, 42.708282225471933 ], [ -73.181133642842681, 42.70827284219294 ], [ -73.181152585502261, 42.708262334148209 ], [ -73.181169784985826, 42.708251057318805 ], [ -73.181184799821239, 42.708239303539742 ], [ -73.181192547732962, 42.708232147333661 ], [ -73.181199979539699, 42.708224309643256 ], [ -73.18120711191753, 42.708215774919864 ], [ -73.181213969724539, 42.708206513990397 ], [ -73.181226931630732, 42.708185737765305 ], [ -73.181239460116132, 42.70816103323768 ], [ -73.18125005269259, 42.708135840042992 ], [ -73.181257050992926, 42.708113520851555 ], [ -73.181259316168379, 42.708103080581367 ], [ -73.181260760716384, 42.70809308891964 ], [ -73.181261389848885, 42.708083512477103 ], [ -73.181261204281526, 42.70807433233562 ], [ -73.181259088930531, 42.70805822401767 ], [ -73.18125484896413, 42.708041509128819 ], [ -73.181248594854068, 42.708024620939824 ], [ -73.181240536013945, 42.708008131740122 ], [ -73.18123422988478, 42.707997746754572 ], [ -73.18122672289887, 42.707987287389614 ], [ -73.181218030302702, 42.707976775932636 ], [ -73.181208177370451, 42.707966244429088 ], [ -73.181197180472736, 42.707955711548379 ], [ -73.181185102336528, 42.707945240304305 ], [ -73.181172005448488, 42.707934884710539 ], [ -73.18115798713886, 42.707924723484332 ], [ -73.181143685088145, 42.707915091295135 ], [ -73.181130005796064, 42.707906514284275 ], [ -73.181116745681095, 42.707898866659079 ], [ -73.181103831561927, 42.707892105365559 ], [ -73.18109116702216, 42.707886185886721 ], [ -73.181078769387071, 42.707881116974477 ], [ -73.181066612811733, 42.707876890901339 ], [ -73.181054688632926, 42.707873503291474 ] ] ] } },
{ "type": "Feature", "properties": { "OBJECTID": 31, "RO_ACCT": 172930, "SITE_NAME": "SHREWSBURY NORTH QUINSIGAMOND AVE DUMP", "ADDRESS": "216 NORTH QUINSIGAMOND AVE", "TOWN": "SHREWSBURY", "REGION": "CE", "STATUS": "Inactive", "WASTE_TYPE": "MSW", "ACRES": 12.94925274, "SW_ID": "0271.002", "CATGRPGIS": "Land Disposal-DG", "Shape__Area": 52403.76651614, "Shape__Length": 978.23265164456905 }, "geometry": { "type": "Polygon", "coordinates": [ [ [ -71.752349950118202, 42.289482037663532 ], [ -71.752451857143086, 42.288738847236367 ], [ -71.752535351867806, 42.288128785156815 ], [ -71.752595729154393, 42.287688223026031 ], [ -71.752617054602624, 42.287533134319432 ], [ -71.75264690542987, 42.287314911584062 ], [ -71.752647578607821, 42.287310107923204 ], [ -71.752552290854652, 42.287047569582334 ], [ -71.752431311886568, 42.286713740022272 ], [ -71.751909876857752, 42.286802009965228 ], [ -71.751508009624629, 42.286870121063671 ], [ -71.75129400716807, 42.286666839747419 ], [ -71.750835316119677, 42.286792698954464 ], [ -71.750523113676479, 42.28687227321722 ], [ -71.750321081952492, 42.286716299767633 ], [ -71.750308716185415, 42.287210952181788 ], [ -71.750294715508076, 42.287876429391488 ], [ -71.75030796812888, 42.288599472373868 ], [ -71.750196540196512, 42.288810324945956 ], [ -71.750183472171528, 42.288835050324607 ], [ -71.750109875062606, 42.288974474656989 ], [ -71.750096806969907, 42.288999200024989 ], [ -71.750075025176073, 42.289040408971566 ], [ -71.75233233483867, 42.289582922097878 ], [ -71.752349950118202, 42.289482037663532 ] ] ] } },
{ "type": "Feature", "properties": { "OBJECTID": 32, "RO_ACCT": 172645, "SITE_NAME": "CONSOLATI DEMOLITION DUMP", "ADDRESS": "FAIRVIEW ST", "TOWN": "LEE", "REGION": "WE", "STATUS": "Inactive", "WASTE_TYPE": "C&D WASTE", "ACRES": 29.9, "SW_ID": "0150.010", "CATGRPGIS": "Land Disposal-DG", "Shape__Area": 120849.81354376, "Shape__Length": 1233.9007333880302 }, "geometry": { "type": "Polygon", "coordinates": [ [ [ -73.259282117117507, 42.291367364678081 ], [ -73.258869256171067, 42.291400702661861 ], [ -73.258470036258558, 42.291486732799299 ], [ -73.258097019285671, 42.291622449841405 ], [ -73.257761492046015, 42.291804867303895 ], [ -73.25747387711867, 42.292027073319801 ], [ -73.257242508127121, 42.292283872840713 ], [ -73.257074556584541, 42.292565591583561 ], [ -73.256975045235109, 42.292865397588614 ], [ -73.256947355224938, 42.293173674406191 ], [ -73.256992107313749, 42.293480279481145 ], [ -73.257107679178006, 42.293776233639242 ], [ -73.257291136387508, 42.294053139553064 ], [ -73.257536280538545, 42.294302649726625 ], [ -73.257836058124013, 42.294516429691342 ], [ -73.258181898095415, 42.294687856592418 ], [ -73.258561694329629, 42.294812612932262 ], [ -73.258965137101995, 42.294886353821695 ], [ -73.259380468295006, 42.294907007880568 ], [ -73.259793111804697, 42.294873672660927 ], [ -73.260192369335741, 42.294788200509821 ], [ -73.260565384823053, 42.294651914189558 ], [ -73.260900932291108, 42.294470051242783 ], [ -73.261188768316146, 42.294247272352628 ], [ -73.261420129640413, 42.293990463168122 ], [ -73.261588064442378, 42.293708739073018 ], [ -73.261687555227695, 42.293408927323867 ], [ -73.261715223502691, 42.293100650260506 ], [ -73.261670447602611, 42.292794047020777 ], [ -73.261554605362392, 42.292497538438717 ], [ -73.261371369210508, 42.292220635639396 ], [ -73.261125997276395, 42.291971700630612 ], [ -73.260826221818476, 42.291757928221266 ], [ -73.260480610239568, 42.291585943011334 ], [ -73.260100608810873, 42.291461759118093 ], [ -73.259697186533103, 42.291388022164689 ], [ -73.259282117117507, 42.291367364678081 ] ] ] } },
{ "type": "Feature", "properties": { "OBJECTID": 33, "RO_ACCT": 361834, "SITE_NAME": "NA NICKERSON STUMP LANDFILL", "ADDRESS": "WEIR RD", "TOWN": "EASTHAM", "REGION": "SE", "STATUS": "Closed", "WASTE_TYPE": "WOODWASTE", "ACRES": 6.14955283, "SW_ID": "0086.002", "CATGRPGIS": "Land Disposal-DG", "Shape__Area": 24463.679065515003, "Shape__Length": 926.64207777412707 }, "geometry": { "type": "Polygon", "coordinates": [ [ [ -69.991578570233969, 41.844248286704961 ], [ -69.99202032369935, 41.844109510771098 ], [ -69.992527604220939, 41.843949626448669 ], [ -69.992603072166119, 41.843925859581034 ], [ -69.992510259294136, 41.843491317946302 ], [ -69.992363855331917, 41.84280726521078 ], [ -69.992228994018348, 41.842175140983692 ], [ -69.992195186063086, 41.842015939160817 ], [ -69.992163293149602, 41.841867477531807 ], [ -69.992319230980996, 41.841781200332775 ], [ -69.992087127632843, 41.840831828498757 ], [ -69.99207695903533, 41.840695703455175 ], [ -69.991873140711363, 41.840723986175966 ], [ -69.991740796243519, 41.841019394930001 ], [ -69.99169806786982, 41.841186592358873 ], [ -69.991603548189545, 41.841557872815578 ], [ -69.991563746233325, 41.841713220674151 ], [ -69.991583221288252, 41.841938599925918 ], [ -69.991597969900155, 41.842109347166172 ], [ -69.991563135043549, 41.842309243857407 ], [ -69.991488777964193, 41.842734281591362 ], [ -69.991414779449585, 41.842853787082582 ], [ -69.991232053431744, 41.843150782822356 ], [ -69.991224552433451, 41.843162479973564 ], [ -69.991193208714449, 41.843596549287511 ], [ -69.991638484883751, 41.843517434590119 ], [ -69.991578570233969, 41.844248286704961 ] ] ] } },
{ "type": "Feature", "properties": { "OBJECTID": 34, "RO_ACCT": 453289, "SITE_NAME": "P&F AUTO PARTS", "ADDRESS": "273 CEDAR SWAMP RD", "TOWN": "MONSON", "REGION": "WE", "STATUS": "Closed", "WASTE_TYPE": "TIRES", "ACRES": 7.23725865, "SW_ID": null, "CATGRPGIS": "Land Disposal-DG", "Shape__Area": 29289.185678655002, "Shape__Length": 853.67381431186402 }, "geometry": { "type": "Polygon", "coordinates": [ [ [ -72.302032369034009, 42.047439806277872 ], [ -72.302206215647956, 42.047373487515863 ], [ -72.302522868647401, 42.047417767660463 ], [ -72.30279699559523, 42.047387945183331 ], [ -72.303217579913763, 42.047428393375995 ], [ -72.303579471506609, 42.047432052595653 ], [ -72.303862776506335, 42.047470363279949 ], [ -72.30445701039045, 42.047428986918341 ], [ -72.305008478978294, 42.047294908400531 ], [ -72.305194327036602, 42.047191300138117 ], [ -72.305267731862131, 42.047076083019554 ], [ -72.305186438694676, 42.046896854245098 ], [ -72.30515932749509, 42.046726544096543 ], [ -72.305152695602203, 42.046531289206307 ], [ -72.305205267299812, 42.046413118727521 ], [ -72.305316373717417, 42.046319336037627 ], [ -72.305281651922328, 42.046204879783545 ], [ -72.305114205456235, 42.046119258027574 ], [ -72.304938558737305, 42.04604299271444 ], [ -72.304845773066305, 42.04594134462296 ], [ -72.30467569939897, 42.045976641246952 ], [ -72.30441797853311, 42.045987753144956 ], [ -72.304122790884492, 42.045996027784831 ], [ -72.303993832375113, 42.045993833953965 ], [ -72.303921249641377, 42.046174145601412 ], [ -72.303795584031704, 42.046432329252653 ], [ -72.303602710420549, 42.04663828530115 ], [ -72.303567240363691, 42.046793535431163 ], [ -72.303339019536693, 42.046835438282884 ], [ -72.303056305015744, 42.046843622577796 ], [ -72.30274832287995, 42.046827182796598 ], [ -72.302655148214129, 42.04669453601862 ], [ -72.302653543651246, 42.046567446841003 ], [ -72.302461813054052, 42.046534690990661 ], [ -72.302268113345292, 42.046675549451216 ], [ -72.301857376693007, 42.046755929286924 ], [ -72.301965607756529, 42.047093072559086 ], [ -72.302032369034009, 42.047439806277872 ] ] ] } },
{ "type": "Feature", "properties": { "OBJECTID": 35, "RO_ACCT": 172734, "SITE_NAME": "MIDDLEFIELD STUMP LANDFILL", "ADDRESS": "BELL RD", "TOWN": "MIDDLEFIELD", "REGION": "WE", "STATUS": "Inactive", "WASTE_TYPE": "WOODWASTE", "ACRES": 0.68181763, "SW_ID": "0183.004", "CATGRPGIS": "Land Disposal-DG", "Shape__Area": 2757.7896559699998, "Shape__Length": 186.303489034542 }, "geometry": { "type": "Polygon", "coordinates": [ [ [ -73.012509890402015, 42.350056744321904 ], [ -73.012494232011008, 42.350061704530354 ], [ -73.012478228150314, 42.350067751588298 ], [ -73.012461991877586, 42.35007484168851 ], [ -73.012445657771394, 42.350082917234509 ], [ -73.012429351850813, 42.35009191804113 ], [ -73.01241324902864, 42.350101747263281 ], [ -73.012397512060971, 42.350112307315477 ], [ -73.012382308192755, 42.350123485246094 ], [ -73.01236780087757, 42.350135161850446 ], [ -73.012354143710908, 42.350147211750809 ], [ -73.012341485348003, 42.350159506032597 ], [ -73.012329950303382, 42.350171921501499 ], [ -73.012319661641641, 42.350184325077549 ], [ -73.012310695961077, 42.350196620308907 ], [ -73.012303127325254, 42.35020870627487 ], [ -73.012297010683326, 42.350220494912101 ], [ -73.012292081847747, 42.350232563264413 ], [ -73.01228804834571, 42.35024552386394 ], [ -73.012284939534212, 42.350259284481609 ], [ -73.01228278180524, 42.350273730416831 ], [ -73.012281591993698, 42.350288753397621 ], [ -73.012281385643277, 42.350304191143536 ], [ -73.012282165142665, 42.350319889651153 ], [ -73.012283921657826, 42.350335682458528 ], [ -73.012286637773911, 42.350351399614979 ], [ -73.012290281556901, 42.350366873161562 ], [ -73.012294816304632, 42.350381938803686 ], [ -73.012300195929441, 42.350396445876648 ], [ -73.01230636210073, 42.350410239374526 ], [ -73.012313264974125, 42.350423214603445 ], [ -73.012320848593973, 42.350435265149102 ], [ -73.01232905747834, 42.35044630440013 ], [ -73.012338345433406, 42.350456882848256 ], [ -73.012349134133373, 42.350467527096072 ], [ -73.012361347703703, 42.350478160704938 ], [ -73.012374884463, 42.350488694069213 ], [ -73.012389642987813, 42.350499048385018 ], [ -73.012405466406975, 42.350509110461317 ], [ -73.012422195744875, 42.350518780641153 ], [ -73.012439654928642, 42.35052795499039 ], [ -73.012457654665667, 42.350536535151463 ], [ -73.012476003407997, 42.3505444299999 ], [ -73.012494504882724, 42.350551553876109 ], [ -73.012512972912219, 42.350557837195232 ], [ -73.01253121167494, 42.350563213200942 ], [ -73.012549078198106, 42.350567642354633 ], [ -73.012566427124568, 42.35057108695014 ], [ -73.012583131644732, 42.350573523444019 ], [ -73.012600021919269, 42.350575047165322 ], [ -73.012617946484497, 42.350575760404141 ], [ -73.012636775363831, 42.350575659467331 ], [ -73.012656353182493, 42.350574744597807 ], [ -73.01267652833549, 42.350573021391298 ], [ -73.012697086373066, 42.350570507075574 ], [ -73.012717819106669, 42.350567226900019 ], [ -73.012738505214301, 42.350563215291103 ], [ -73.012758922397452, 42.350558516592976 ], [ -73.012778853340691, 42.35055318048699 ], [ -73.012798083350006, 42.350547264723801 ], [ -73.01281642200145, 42.350540826734942 ], [ -73.012833673148421, 42.35053393843414 ], [ -73.01284970814956, 42.350526651938154 ], [ -73.012864392511432, 42.350519028444936 ], [ -73.012877620714292, 42.350511122468262 ], [ -73.012889941261832, 42.350502571124842 ], [ -73.012902102494905, 42.350492890946377 ], [ -73.012914021037872, 42.350482148760662 ], [ -73.012925598234659, 42.350470432306494 ], [ -73.012936747500149, 42.350457826462488 ], [ -73.012947345878601, 42.350444468810416 ], [ -73.012957284912176, 42.350430494039941 ], [ -73.012966456595535, 42.350416055743857 ], [ -73.012974771952102, 42.350401291056762 ], [ -73.012982118984056, 42.350386389640938 ], [ -73.012988416771194, 42.350371520940143 ], [ -73.01299359750584, 42.350356844321212 ], [ -73.012997602089925, 42.35034252804045 ], [ -73.013000399452253, 42.350328694063769 ], [ -73.013001964610496, 42.350315465177502 ], [ -73.013002284308484, 42.350302946905465 ], [ -73.013001003286888, 42.350288415643817 ], [ -73.012997871766999, 42.350273050630491 ], [ -73.012992915885661, 42.350256980281742 ], [ -73.012986184398045, 42.350240365131306 ], [ -73.012977734295347, 42.350223354799496 ], [ -73.012967676709167, 42.350206180132439 ], [ -73.012956138223359, 42.350189058266636 ], [ -73.01294327491199, 42.350172221257701 ], [ -73.012929267205109, 42.350155904442474 ], [ -73.012914304852885, 42.350140326827564 ], [ -73.012898588375961, 42.350125700975013 ], [ -73.012882318797679, 42.350112209726468 ], [ -73.012865716492783, 42.350100032967632 ], [ -73.012848930900006, 42.350089277683196 ], [ -73.012832127168991, 42.350080047949959 ], [ -73.012815445533207, 42.350072421159879 ], [ -73.012800442058378, 42.350066797336652 ], [ -73.012784015278299, 42.350061655054944 ], [ -73.012766296050529, 42.350057034912332 ], [ -73.012747441972579, 42.350052978955453 ], [ -73.01272760802118, 42.350049521161623 ], [ -73.012707020963774, 42.350046702667534 ], [ -73.01268590124198, 42.350044553888253 ], [ -73.012664487349312, 42.350043098698492 ], [ -73.012643049179587, 42.350042354257127 ], [ -73.012621796885057, 42.350042326803596 ], [ -73.012600963502209, 42.350043015073176 ], [ -73.012580760117061, 42.350044413587895 ], [ -73.012561408478703, 42.350046505924631 ], [ -73.012543051372205, 42.350049273097397 ], [ -73.012525838820721, 42.350052694224296 ], [ -73.012509890402015, 42.350056744321904 ] ] ] } },
{ "type": "Feature", "properties": { "OBJECTID": 36, "RO_ACCT": 172307, "SITE_NAME": "AYER DEMOLITION LANDFILL", "ADDRESS": "1 BLIGH ST", "TOWN": "AYER", "REGION": "CE", "STATUS": "Inactive", "WASTE_TYPE": "C&D WASTE", "ACRES": 2.02377442, "SW_ID": "0019.003", "CATGRPGIS": "Land Disposal-DG", "Shape__Area": 8190.2198890700001, "Shape__Length": 362.91467351832 }, "geometry": { "type": "Polygon", "coordinates": [ [ [ -71.586446206353017, 42.554782796023503 ], [ -71.586277377944143, 42.555009106313776 ], [ -71.5861489374727, 42.555277022028669 ], [ -71.58598813114655, 42.555527520568511 ], [ -71.585940064721768, 42.555718293519831 ], [ -71.585883959864603, 42.555873062156721 ], [ -71.586085408680091, 42.555986003935644 ], [ -71.586246624098237, 42.556033145821445 ], [ -71.586568686053553, 42.555997457885582 ], [ -71.586874643753873, 42.555872320404148 ], [ -71.586963098657151, 42.555723151566596 ], [ -71.587043455243801, 42.555633631086785 ], [ -71.587083543889108, 42.555455242813068 ], [ -71.587018891039463, 42.555342197858359 ], [ -71.586897911089551, 42.555223008894416 ], [ -71.58670441368325, 42.555080241369787 ], [ -71.586623811538999, 42.554990842022917 ], [ -71.586446206353017, 42.554782796023503 ] ] ] } },
{ "type": "Feature", "properties": { "OBJECTID": 37, "RO_ACCT": 228641, "SITE_NAME": "N CENTRAL CORRECTION INSTITUTE DUMP", "ADDRESS": "FMR CHAPEL ST", "TOWN": "WESTMINSTER", "REGION": "CE", "STATUS": "Inactive", "WASTE_TYPE": "C&D WASTE", "ACRES": 10.06975396, "SW_ID": "0332.006", "CATGRPGIS": "Land Disposal-DG", "Shape__Area": 40705.873213285005, "Shape__Length": 715.41361493566114 }, "geometry": { "type": "Polygon", "coordinates": [ [ [ -71.927056002811298, 42.576545018616187 ], [ -71.927140399288504, 42.576566607923404 ], [ -71.927226269470296, 42.576581276782477 ], [ -71.927313046863489, 42.576588928421657 ], [ -71.927400158989869, 42.576589512362389 ], [ -71.927487031162997, 42.57658302475236 ], [ -71.927573090279452, 42.576569508390918 ], [ -71.927657768599545, 42.576549052446701 ], [ -71.927740507492913, 42.576521791869389 ], [ -71.927820761123684, 42.57648790649943 ], [ -71.927898000051542, 42.576447619881634 ], [ -71.927971714724393, 42.576401197790389 ], [ -71.92804141884001, 42.576348946476372 ], [ -71.928106652554121, 42.57629121064614 ], [ -71.92816698551411, 42.576228371188094 ], [ -71.928222019698111, 42.576160842659739 ], [ -71.928271392040685, 42.576089070552769 ], [ -71.928314776828103, 42.576013528354167 ], [ -71.928351887847072, 42.575934714422523 ], [ -71.928382480272887, 42.575853148700361 ], [ -71.928406352284611, 42.575769369284004 ], [ -71.928423346396457, 42.575683928873701 ], [ -71.928433350496761, 42.575597391127445 ], [ -71.92843629858757, 42.575510326942442 ], [ -71.928432171220066, 42.575423310688862 ], [ -71.928420995622872, 42.575336916420667 ], [ -71.928402845522399, 42.57525171408853 ], [ -71.928377840656452, 42.575168265779801 ], [ -71.928346145984378, 42.575087122010409 ], [ -71.928307970598738, 42.575008818093004 ], [ -71.928263566345947, 42.574933870605498 ], [ -71.928213226164814, 42.574862773983128 ], [ -71.928157282153975, 42.574795997256636 ], [ -71.928096103381051, 42.574733980958023 ], [ -71.928030093447859, 42.574677134214319 ], [ -71.927959687827794, 42.574625832048561 ], [ -71.927885350992966, 42.574580412905689 ], [ -71.927807573350123, 42.574541176419828 ], [ -71.927726868005266, 42.574508381437568 ], [ -71.92764376737874, 42.574482244310325 ], [ -71.927558819692777, 42.57446293746704 ], [ -71.927472585354792, 42.574450588276683 ], [ -71.9273856332604, 42.574445278207968 ], [ -71.927298537040286, 42.574447042291872 ], [ -71.927211871275972, 42.574455868890595 ], [ -71.927126207709193, 42.574471699774271 ], [ -71.927042111470143, 42.574494430505155 ], [ -71.926957714978968, 42.574472841169751 ], [ -71.926871844780777, 42.574458172284757 ], [ -71.926785067369067, 42.574450520622136 ], [ -71.926697955222309, 42.574449936660606 ], [ -71.92661108302724, 42.57445642425261 ], [ -71.926525023887649, 42.57446994059891 ], [ -71.926440345543497, 42.574490396530948 ], [ -71.926357606625501, 42.574517657099086 ], [ -71.926277352969848, 42.574551542462864 ], [ -71.926200114017192, 42.574591829077463 ], [ -71.926126399319912, 42.57463825116843 ], [ -71.926056695180577, 42.574690502485005 ], [ -71.925991461443715, 42.57474823832051 ], [ -71.925931128462238, 42.574811077786379 ], [ -71.925876094258314, 42.574878606324951 ], [ -71.92582672189755, 42.574950378444321 ], [ -71.925783337093947, 42.575025920657289 ], [ -71.925746226060966, 42.575104734605013 ], [ -71.925715633623469, 42.575186300344711 ], [ -71.92569176160255, 42.575270079779784 ], [ -71.925674767484097, 42.575355520209698 ], [ -71.925664763379871, 42.575442057976154 ], [ -71.925661815287839, 42.575529122181642 ], [ -71.925665942656835, 42.575616138455693 ], [ -71.925677118258236, 42.575702532744039 ], [ -71.925695268365587, 42.575787735095695 ], [ -71.92572027324097, 42.575871183423011 ], [ -71.925751967924953, 42.575952327209784 ], [ -71.925790143324818, 42.576030631143077 ], [ -71.925834547593993, 42.576105578644729 ], [ -71.925884887793487, 42.57617667527925 ], [ -71.925940831824406, 42.576243452015689 ], [ -71.926002010618902, 42.576305468321841 ], [ -71.926068020574903, 42.576362315070497 ], [ -71.926138426218742, 42.576413617238494 ], [ -71.92621276307797, 42.576459036380754 ], [ -71.926290540745583, 42.576498272863084 ], [ -71.926371246115238, 42.576531067838836 ], [ -71.926454346766263, 42.576557204956565 ], [ -71.926539294476115, 42.576576511787344 ], [ -71.926625528837036, 42.576588860962254 ], [ -71.926712480953114, 42.576594171012651 ], [ -71.926799577193322, 42.576592406907665 ], [ -71.926886242975854, 42.576583580285252 ], [ -71.926971906558663, 42.576567749375442 ], [ -71.927056002811298, 42.576545018616187 ] ] ] } },
{ "type": "Feature", "properties": { "OBJECTID": 38, "RO_ACCT": 456732, "SITE_NAME": "ROZENAS FARM PLEASANT STREET DUMP", "ADDRESS": "PLEASANT ST", "TOWN": "BRIDGEWATER", "REGION": "SE", "STATUS": "Inactive", "WASTE_TYPE": "MSW", "ACRES": 29.9, "SW_ID": "0042.014", "CATGRPGIS": "Land Disposal-DG", "Shape__Area": 120849.82235468501, "Shape__Length": 1233.9008124071602 }, "geometry": { "type": "Polygon", "coordinates": [ [ [ -71.039248554779633, 41.956967945486717 ], [ -71.038836934375212, 41.956993296499967 ], [ -71.038436805155328, 41.957071586234512 ], [ -71.03806118693997, 41.957200056551443 ], [ -71.037721224195423, 41.957375939182199 ], [ -71.037427325620513, 41.95759252124877 ], [ -71.037188391135246, 41.95784477737908 ], [ -71.037011461272328, 41.958123169315456 ], [ -71.036902240500041, 41.95842096783052 ], [ -71.036863814820109, 41.95872861939727 ], [ -71.036897766700207, 41.95903600245385 ], [ -71.037002277343035, 41.959334102458087 ], [ -71.037174960345112, 41.959614474166756 ], [ -71.037410222941261, 41.95986864934504 ], [ -71.037700775963827, 41.960088160937829 ], [ -71.038038750674673, 41.960266221389695 ], [ -71.038412120494982, 41.960398280856843 ], [ -71.038810736626587, 41.960479796289761 ], [ -71.039222930677795, 41.96050847040766 ], [ -71.039634385479815, 41.960483117254967 ], [ -71.04003434363996, 41.960405384403728 ], [ -71.040410167810208, 41.9602763465927 ], [ -71.040750135761101, 41.960101018721609 ], [ -71.041044225643361, 41.959883865312598 ], [ -71.041283152496675, 41.959631602073074 ], [ -71.041460067878617, 41.959353202665582 ], [ -71.041569268923752, 41.959055400723273 ], [ -71.041607673275109, 41.958747746689539 ], [ -71.041573697596007, 41.958440365919216 ], [ -71.041468982911979, 41.958141704810743 ], [ -71.041296473156891, 41.957861341204755 ], [ -71.041061010245585, 41.957607735022002 ], [ -71.040770458150774, 41.957388233722988 ], [ -71.040432682106868, 41.95720961844696 ], [ -71.040059135770051, 41.957078127488771 ], [ -71.039660538125304, 41.956996617277717 ], [ -71.039248554779633, 41.956967945486717 ] ] ] } },
{ "type": "Feature", "properties": { "OBJECTID": 39, "RO_ACCT": 172368, "SITE_NAME": "MCI BRIDGEWATER DUMP", "ADDRESS": "CONANT ST", "TOWN": "BRIDGEWATER", "REGION": "SE", "STATUS": "Inactive", "WASTE_TYPE": "MSW", "ACRES": 5.60171129, "SW_ID": "0042.002", "CATGRPGIS": "Land Disposal-DG", "Shape__Area": 22670.125789164998, "Shape__Length": 744.41953118625713 }, "geometry": { "type": "Polygon", "coordinates": [ [ [ -70.962818913166387, 41.941071575626786 ], [ -70.963395253138643, 41.940937800908401 ], [ -70.963610835775285, 41.940864375425178 ], [ -70.963423751694336, 41.940344697046129 ], [ -70.963056121516786, 41.940281329554566 ], [ -70.962939277743118, 41.940277474216323 ], [ -70.962842550732347, 41.940424492465127 ], [ -70.962648089765949, 41.940427678190048 ], [ -70.962514818262449, 41.940395156124879 ], [ -70.962387077559399, 41.940287029974066 ], [ -70.962197143469879, 41.940185608487312 ], [ -70.962094381080249, 41.94012810869544 ], [ -70.961802858639075, 41.940156775202595 ], [ -70.961561962079273, 41.940031046021133 ], [ -70.961395497468345, 41.94001612663093 ], [ -70.961269768926016, 41.94004194306752 ], [ -70.961264907572357, 41.940136490912032 ], [ -70.961477976132954, 41.940386438708806 ], [ -70.961665060509986, 41.940560279856129 ], [ -70.961652654755426, 41.940672597612171 ], [ -70.961370185019078, 41.940736467313691 ], [ -70.961086876115274, 41.940838726270172 ], [ -70.961083691223905, 41.941040227273866 ], [ -70.961083020956039, 41.941085657909419 ], [ -70.961223166033434, 41.941568287923346 ], [ -70.961447633560155, 41.941828294239102 ], [ -70.961696743260362, 41.941772973596628 ], [ -70.961893550635523, 41.94170139233416 ], [ -70.962232180469428, 41.941579351655008 ], [ -70.962229833031557, 41.941248266898512 ], [ -70.962306275400863, 41.941206356762031 ], [ -70.962692179030526, 41.941100912900389 ], [ -70.962818913166387, 41.941071575626786 ] ] ] } },
{ "type": "Feature", "properties": { "OBJECTID": 40, "RO_ACCT": 328619, "SITE_NAME": "PORITZ STUMP DUMP", "ADDRESS": "LAUREL HILL DR", "TOWN": "LEVERETT", "REGION": "WE", "STATUS": "Inactive", "WASTE_TYPE": "WOODWASTE", "ACRES": 0.43765306, "SW_ID": "0154.003", "CATGRPGIS": "Land Disposal-DG", "Shape__Area": 1771.1815598750002, "Shape__Length": 157.415272215193 }, "geometry": { "type": "Polygon", "coordinates": [ [ [ -72.485831163170531, 42.512579535320029 ], [ -72.485844123040408, 42.512506380978699 ], [ -72.48582942451111, 42.512468246420994 ], [ -72.485716062149891, 42.512434432474471 ], [ -72.485489610607416, 42.512384194899923 ], [ -72.485376357211862, 42.512357337244431 ], [ -72.485264244241961, 42.512403512347909 ], [ -72.485227127026207, 42.512435134047962 ], [ -72.485208976239079, 42.512477027284127 ], [ -72.485238483620833, 42.512560253160117 ], [ -72.485334344440787, 42.512677694300869 ], [ -72.48543469232898, 42.512781183700504 ], [ -72.485548052728817, 42.512814997941334 ], [ -72.485678861244807, 42.512761706075807 ], [ -72.485790213894447, 42.512666840500678 ], [ -72.485831163170531, 42.512579535320029 ] ] ] } },
{ "type": "Feature", "properties": { "OBJECTID": 41, "RO_ACCT": 286553, "SITE_NAME": "HIGH RIDGE WILDLIFE MGT AREA", "ADDRESS": "FRM MAY ST", "TOWN": "GARDNER", "REGION": "CE", "STATUS": "Closed", "WASTE_TYPE": "MSW", "ACRES": 5.79890237, "SW_ID": "0103.007", "CATGRPGIS": "Land Disposal-DG", "Shape__Area": 23432.715253819999, "Shape__Length": 542.85060573175303 }, "geometry": { "type": "Polygon", "coordinates": [ [ [ -71.933725439061689, 42.586563000205565 ], [ -71.933799206893482, 42.586581396148333 ], [ -71.933874369335015, 42.586592829043887 ], [ -71.933950270625743, 42.586597199145039 ], [ -71.934026248558979, 42.586594468324499 ], [ -71.934101640259328, 42.586584660407524 ], [ -71.934175787966083, 42.586567860964045 ], [ -71.934248044771834, 42.58654421656211 ], [ -71.93431778026644, 42.586513933489137 ], [ -71.934384386037223, 42.586477275952149 ], [ -71.934447280976926, 42.586434563772656 ], [ -71.934505916353814, 42.586386169596388 ], [ -71.93455978059896, 42.586332515642084 ], [ -71.934608403769602, 42.586274070017829 ], [ -71.934651361649131, 42.586211342637 ], [ -71.934688279448167, 42.586144880769496 ], [ -71.934718835074534, 42.586075264267031 ], [ -71.934742761943284, 42.586003100504172 ], [ -71.934759851302616, 42.585929019079266 ], [ -71.934769954055071, 42.585853666321448 ], [ -71.934772982058419, 42.585777699651686 ], [ -71.934768908894597, 42.585701781847092 ], [ -71.934757770100234, 42.585626575258424 ], [ -71.934739662856629, 42.585552736031403 ], [ -71.934714745141804, 42.585480908382088 ], [ -71.93468323435232, 42.585411718976367 ], [ -71.934645405406485, 42.585345771462578 ], [ -71.934601588345856, 42.585283641204917 ], [ -71.934552165455813, 42.585225870263628 ], [ -71.934497567930165, 42.585172962665773 ], [ -71.934438272109247, 42.585125380007781 ], [ -71.934374795324075, 42.585083537428247 ], [ -71.934307691382756, 42.585047799986 ], [ -71.934237545738853, 42.585018479475124 ], [ -71.934164970383435, 42.584995831704688 ], [ -71.934090598505847, 42.584980054266921 ], [ -71.934015078969296, 42.5849712848133 ], [ -71.933939070649828, 42.584969599853608 ], [ -71.933863236687912, 42.5849750140884 ], [ -71.933788238702832, 42.584987480280766 ], [ -71.933714731020316, 42.585006889668449 ], [ -71.933640963179002, 42.584988493706817 ], [ -71.933565800726086, 42.584977060794195 ], [ -71.933489899422412, 42.584972690677922 ], [ -71.933413921474894, 42.584975421485439 ], [ -71.933338529759212, 42.584985229391592 ], [ -71.933264382036356, 42.585002028826523 ], [ -71.933192125214063, 42.585025673222233 ], [ -71.933122389702689, 42.585055956291299 ], [ -71.933055783915279, 42.585092613826689 ], [ -71.932992888959305, 42.585135326006814 ], [ -71.932934253566827, 42.58518372018586 ], [ -71.932880389306973, 42.585237374144967 ], [ -71.932831766122774, 42.585295819775901 ], [ -71.932788808231052, 42.585358547165107 ], [ -71.932751890421358, 42.585425009042496 ], [ -71.932721334786066, 42.585494625556123 ], [ -71.932697407910254, 42.585566789331182 ], [ -71.93268031854582, 42.585640870769076 ], [ -71.93267021579031, 42.585716223540416 ], [ -71.932667187786009, 42.585792190223955 ], [ -71.932671260950983, 42.585868108042312 ], [ -71.932682399748572, 42.585943314644453 ], [ -71.932700506997463, 42.586017153884399 ], [ -71.932725424719521, 42.586088981545814 ], [ -71.932756935518086, 42.58615817096257 ], [ -71.932794764474707, 42.586224118486093 ], [ -71.932838581547642, 42.586286248751968 ], [ -71.932888004451328, 42.586344019699744 ], [ -71.932942601991755, 42.586396927302211 ], [ -71.933001897828305, 42.58644450996276 ], [ -71.933065374629749, 42.5864863525427 ], [ -71.93313247858768, 42.586522089983113 ], [ -71.933202624248281, 42.586551410489861 ], [ -71.933275199620169, 42.586574058253845 ], [ -71.93334957151373, 42.586589835682844 ], [ -71.933425091065459, 42.586598605125431 ], [ -71.933501099399038, 42.586600290071907 ], [ -71.933576933373701, 42.586594875821824 ], [ -71.933651931369909, 42.586582409612227 ], [ -71.933725439061689, 42.586563000205565 ] ] ] } },
{ "type": "Feature", "properties": { "OBJECTID": 42, "RO_ACCT": 172272, "SITE_NAME": "OBRIENS CORNER DUMP", "ADDRESS": "ROWLEY ST", "TOWN": "AGAWAM", "REGION": "WE", "STATUS": "Inactive", "WASTE_TYPE": "MSW", "ACRES": 5.79335154, "SW_ID": "0005.006", "CATGRPGIS": "Land Disposal-DG", "Shape__Area": 23445.690704289998, "Shape__Length": 570.63674303612197 }, "geometry": { "type": "Polygon", "coordinates": [ [ [ -72.635934578784045, 42.087694283942433 ], [ -72.636051551642367, 42.087644725894165 ], [ -72.63619849800105, 42.087618506783677 ], [ -72.636344813540177, 42.087609739951503 ], [ -72.636499416402316, 42.087589071987125 ], [ -72.636607735790179, 42.087562672980695 ], [ -72.637050027296993, 42.087438416496354 ], [ -72.637229120099391, 42.087366854868527 ], [ -72.63730709466499, 42.08733344169508 ], [ -72.637486822124046, 42.087239365075156 ], [ -72.637573363433603, 42.087183355633009 ], [ -72.637669254460434, 42.087064225002301 ], [ -72.637673151246361, 42.086944321005397 ], [ -72.637616349518595, 42.086794066920568 ], [ -72.637556927962265, 42.086724314176188 ], [ -72.637459872518576, 42.08663073422457 ], [ -72.637392714474871, 42.086566684870576 ], [ -72.63724938096361, 42.086478069152037 ], [ -72.637113615419821, 42.086395567471307 ], [ -72.636925820075191, 42.086255056059521 ], [ -72.6367732062523, 42.086217741433977 ], [ -72.63655792465957, 42.086214251043714 ], [ -72.636341748676941, 42.086245096094352 ], [ -72.636116273926291, 42.086321055856615 ], [ -72.635719274438912, 42.086474685427909 ], [ -72.635538374123897, 42.08660366242659 ], [ -72.63536440188544, 42.08675564145782 ], [ -72.635197805193613, 42.086918803927759 ], [ -72.635148720640686, 42.087009893591109 ], [ -72.63513871606844, 42.087084275109632 ], [ -72.635142210968638, 42.087216486231 ], [ -72.635223759483651, 42.087309095452838 ], [ -72.635383497532402, 42.087375040953532 ], [ -72.635481720975378, 42.087423027258247 ], [ -72.635617934050401, 42.087493707735945 ], [ -72.635693834984622, 42.087523907191319 ], [ -72.635762172282938, 42.087553617968936 ], [ -72.635934578784045, 42.087694283942433 ] ] ] } },
{ "type": "Feature", "properties": { "OBJECTID": 43, "RO_ACCT": 431260, "SITE_NAME": "ATWOOD LANDFILL", "ADDRESS": "ATWOOD DR", "TOWN": "NORTHAMPTON", "REGION": "WE", "STATUS": "Closed", "WASTE_TYPE": "MSW", "ACRES": 10.19616226, "SW_ID": "0214.002", "CATGRPGIS": "Land Disposal-DG", "Shape__Area": 41263.876989405006, "Shape__Length": 885.41127471540904 }, "geometry": { "type": "Polygon", "coordinates": [ [ [ -72.622772137092795, 42.302314621113837 ], [ -72.622753887874012, 42.30251269753257 ], [ -72.622945211253281, 42.302870274311275 ], [ -72.623084283963991, 42.303042581486977 ], [ -72.623311897403894, 42.303298834815621 ], [ -72.623647019478184, 42.303481339798545 ], [ -72.624007764988974, 42.303574742188246 ], [ -72.62450371816081, 42.303622391628345 ], [ -72.624967604842539, 42.303702664393995 ], [ -72.625419323881246, 42.303710356991175 ], [ -72.625952565943138, 42.303713210805817 ], [ -72.626349240121328, 42.303685089500298 ], [ -72.62660840832848, 42.303573503232037 ], [ -72.626953824386717, 42.303416643600784 ], [ -72.627151571790932, 42.303216806581112 ], [ -72.627273092370316, 42.303013676245676 ], [ -72.627215531241006, 42.302836537123689 ], [ -72.626854425880097, 42.302722955760046 ], [ -72.626014054478532, 42.302581761488121 ], [ -72.625268169594293, 42.302552720168201 ], [ -72.624537315963721, 42.302450829400954 ], [ -72.623599110581054, 42.302314614095962 ], [ -72.622772137092795, 42.302314621113837 ] ] ] } },
{ "type": "Feature", "properties": { "OBJECTID": 44, "RO_ACCT": 169064, "SITE_NAME": "BECKET ASPHALT DUMP", "ADDRESS": "JACOBS LADDER RD", "TOWN": "BECKET", "REGION": "WE", "STATUS": "Inactive", "WASTE_TYPE": "C&D WASTE", "ACRES": 1.36091747, "SW_ID": "0022.003", "CATGRPGIS": "Land Disposal-DG", "Shape__Area": 5507.6358323049999, "Shape__Length": 298.92848655800299 }, "geometry": { "type": "Polygon", "coordinates": [ [ [ -73.132379176385442, 42.264729173916407 ], [ -73.132021905379716, 42.26500490154509 ], [ -73.131734983334397, 42.265222449911199 ], [ -73.131605131219146, 42.265361525441122 ], [ -73.131744528890366, 42.265393852980701 ], [ -73.131981206295549, 42.265417172628112 ], [ -73.132120508511861, 42.265445688519968 ], [ -73.132269971053745, 42.265470247255926 ], [ -73.13245505264814, 42.265482864439313 ], [ -73.132546807233211, 42.265458688180438 ], [ -73.132715809473893, 42.265444848394722 ], [ -73.132838051713293, 42.265408803415731 ], [ -73.132897846136117, 42.265339337934073 ], [ -73.132982406502634, 42.265235211724608 ], [ -73.132949465580879, 42.265151817546396 ], [ -73.132834045779688, 42.265054347890015 ], [ -73.132791533128525, 42.264997773153986 ], [ -73.132723465094415, 42.264945373451354 ], [ -73.132566710935009, 42.264837055435756 ], [ -73.132379176385442, 42.264729173916407 ] ] ] } },
{ "type": "Feature", "properties": { "OBJECTID": 45, "RO_ACCT": 172374, "SITE_NAME": "CROWELL STUMP DUMP", "ADDRESS": "226 GREAT WESTERN RD", "TOWN": "DENNIS", "REGION": "SE", "STATUS": "Inactive", "WASTE_TYPE": "WOODWASTE", "ACRES": 16.25758997, "SW_ID": "0075.004", "CATGRPGIS": "Land Disposal-DG", "Shape__Area": 65794.460829405012, "Shape__Length": 1106.7652122264301 }, "geometry": { "type": "Polygon", "coordinates": [ [ [ -70.135089934304332, 41.691931895003762 ], [ -70.135090073348479, 41.691925382692716 ], [ -70.135011046054743, 41.690334874341701 ], [ -70.135117747700846, 41.689814987343105 ], [ -70.135031487815738, 41.689377475464958 ], [ -70.135034408033817, 41.689240703423408 ], [ -70.13356014031001, 41.689496621687461 ], [ -70.133613584105419, 41.689842535993527 ], [ -70.133090297736544, 41.689927455651684 ], [ -70.13304871773164, 41.690246170956193 ], [ -70.132683501106811, 41.690254812644646 ], [ -70.132664451899146, 41.690332758725198 ], [ -70.132628023799057, 41.690410495961174 ], [ -70.132397649913571, 41.690616194558238 ], [ -70.132169225488113, 41.690730711378798 ], [ -70.132023232894966, 41.691054686059481 ], [ -70.131883555258369, 41.691489485010898 ], [ -70.131798243769097, 41.691820703892773 ], [ -70.13188170074352, 41.692388476087508 ], [ -70.13312073441621, 41.692162326726958 ], [ -70.135089934304332, 41.691931895003762 ] ] ] } },
{ "type": "Feature", "properties": { "OBJECTID": 46, "RO_ACCT": 172363, "SITE_NAME": "BRAINTREE DUMP", "ADDRESS": "BROOKSIDE RD", "TOWN": "BRAINTREE", "REGION": "SE", "STATUS": "Inactive", "WASTE_TYPE": "MSW", "ACRES": 8.72645173, "SW_ID": "0040.002", "CATGRPGIS": "Land Disposal-DG", "Shape__Area": 35315.949897215003, "Shape__Length": 827.96551634256298 }, "geometry": { "type": "Polygon", "coordinates": [ [ [ -70.974212876267686, 42.21399079324766 ], [ -70.974180419560739, 42.21317409202674 ], [ -70.973434123409774, 42.213287318846447 ], [ -70.97299728375198, 42.213926890896367 ], [ -70.972399395780073, 42.215061485827952 ], [ -70.972704497818356, 42.216112740998504 ], [ -70.973134084756765, 42.216348015580166 ], [ -70.973962022575307, 42.215856050265828 ], [ -70.974089386268702, 42.214690130368744 ], [ -70.974212876267686, 42.21399079324766 ] ] ] } },
{ "type": "Feature", "properties": { "OBJECTID": 47, "RO_ACCT": 372595, "SITE_NAME": "JAHN FOUNDRY LANDFILL ", "ADDRESS": "ANTHONY ST", "TOWN": "SPRINGFIELD", "REGION": "WE", "STATUS": "Inactive", "WASTE_TYPE": "MSW", "ACRES": 3.99641932, "SW_ID": null, "CATGRPGIS": "Land Disposal-DG", "Shape__Area": 16173.4958155, "Shape__Length": 768.4272573180391 }, "geometry": { "type": "Polygon", "coordinates": [ [ [ -72.557969589323818, 42.151132352320452 ], [ -72.558572673156974, 42.150282517582838 ], [ -72.560012083350784, 42.150936316450704 ], [ -72.56029530645749, 42.150647171203545 ], [ -72.558743457424256, 42.149948483277399 ], [ -72.557943999062644, 42.149597161267501 ], [ -72.557049122429461, 42.149692906194787 ], [ -72.557784715192483, 42.150445084956047 ], [ -72.557969589323818, 42.151132352320452 ] ] ] } },
{ "type": "Feature", "properties": { "OBJECTID": 48, "RO_ACCT": 456422, "SITE_NAME": "WRENTHAM STATE SCHOOL DUMP", "ADDRESS": "SHEARS ST", "TOWN": "WRENTHAM", "REGION": "SE", "STATUS": "Inactive", "WASTE_TYPE": "MSW", "ACRES": 0.57143682, "SW_ID": "0350.003", "CATGRPGIS": "Land Disposal-DG", "Shape__Area": 2312.6031656249997, "Shape__Length": 177.00719680781 }, "geometry": { "type": "Polygon", "coordinates": [ [ [ -71.319672297002285, 42.088655592141343 ], [ -71.319701636007935, 42.088566168546805 ], [ -71.319621145682063, 42.08837922435886 ], [ -71.319480223934235, 42.088323857390613 ], [ -71.319183352907743, 42.088317761985252 ], [ -71.319019768613487, 42.088395157500045 ], [ -71.31896739099632, 42.088549817164775 ], [ -71.319018935123637, 42.08868776179807 ], [ -71.319152567082796, 42.088716107169695 ], [ -71.319367633220438, 42.088732765902392 ], [ -71.319560665400431, 42.088727442293468 ], [ -71.319672297002285, 42.088655592141343 ] ] ] } },
{ "type": "Feature", "properties": { "OBJECTID": 49, "RO_ACCT": 172869, "SITE_NAME": "ROZENAS FARM ELM STREET DUMP", "ADDRESS": "ELM ST", "TOWN": "RAYNHAM", "REGION": "SE", "STATUS": "Inactive", "WASTE_TYPE": "MSW", "ACRES": 0.99531895, "SW_ID": "0245.002", "CATGRPGIS": "Land Disposal-DG", "Shape__Area": 4028.0553078100002, "Shape__Length": 225.272295718066 }, "geometry": { "type": "Polygon", "coordinates": [ [ [ -71.04788344725722, 41.956781286770209 ], [ -71.047808216646615, 41.956785490848318 ], [ -71.047735176886306, 41.956799832484677 ], [ -71.047666591133989, 41.95682375792326 ], [ -71.047604544799881, 41.956855587271868 ], [ -71.047550925559719, 41.956895328015172 ], [ -71.04750743890034, 41.956941298762075 ], [ -71.047475038866324, 41.956991815145976 ], [ -71.047455050259117, 41.957046319703885 ], [ -71.047448053605279, 41.957102563866378 ], [ -71.047454250304241, 41.957158861177462 ], [ -71.047473467035658, 41.957212957372683 ], [ -71.047504955143268, 41.957264289463225 ], [ -71.047547974374581, 41.957310601832518 ], [ -71.047601026185106, 41.957350764898337 ], [ -71.047662617234536, 41.957383084579519 ], [ -71.047730859821613, 41.957407551590627 ], [ -71.047803504285639, 41.957422469762072 ], [ -71.047878859886723, 41.95742726877728 ], [ -71.047953903077101, 41.9574230648089 ], [ -71.048026943503132, 41.957408723033637 ], [ -71.048095529750285, 41.957384797380193 ], [ -71.048157576360964, 41.957352966866374 ], [ -71.048211384981187, 41.95731322658893 ], [ -71.048254870173722, 41.957267256471461 ], [ -71.048287270935347, 41.957216739872621 ], [ -71.048307257670999, 41.957162236065656 ], [ -71.048314253578724, 41.957105990950566 ], [ -71.048308056118088, 41.957049694586146 ], [ -71.048288839933008, 41.956995598535173 ], [ -71.048257350126434, 41.956944265754117 ], [ -71.048214331839262, 41.956897952754616 ], [ -71.048161278812941, 41.956857789966925 ], [ -71.048099689218375, 41.956825471457869 ], [ -71.048031447113388, 41.956801004665579 ], [ -71.047958613933503, 41.956786085888965 ], [ -71.04788344725722, 41.956781286770209 ] ] ] } },
{ "type": "Feature", "properties": { "OBJECTID": 50, "RO_ACCT": 172459, "SITE_NAME": "COUNTY RD / SOMERSET AVE DUMP", "ADDRESS": "0 PLEASANT ST (OFF HART ST)", "TOWN": "DIGHTON", "REGION": "SE", "STATUS": "Inactive", "WASTE_TYPE": "MSW", "ACRES": 1.7825382, "SW_ID": "0076.002", "CATGRPGIS": "Land Disposal-DG", "Shape__Area": 7213.1195566950009, "Shape__Length": 337.29440769054798 }, "geometry": { "type": "Polygon", "coordinates": [ [ [ -71.124595254885108, 41.79986361974116 ], [ -71.124554019275422, 41.799802692734843 ], [ -71.124465767054957, 41.799686910545816 ], [ -71.124377007049077, 41.799622298399719 ], [ -71.124327283354773, 41.799521431416352 ], [ -71.124221882234963, 41.799474090772279 ], [ -71.124100916777167, 41.799388023872574 ], [ -71.124034410863331, 41.799391950684438 ], [ -71.123961198682338, 41.799411293755476 ], [ -71.123945407107684, 41.799420348637469 ], [ -71.123931292829639, 41.799431844370311 ], [ -71.123919229446884, 41.799445476667053 ], [ -71.123909536271796, 41.799460884686873 ], [ -71.123902469878402, 41.799477660586327 ], [ -71.123898217310995, 41.799495360314815 ], [ -71.123896891133157, 41.799513515368389 ], [ -71.123898526448215, 41.799531645190854 ], [ -71.123903079970106, 41.799549269893873 ], [ -71.123643790087286, 41.800329775381492 ], [ -71.123814747906522, 41.800363912196822 ], [ -71.124146247928508, 41.800424339218061 ], [ -71.124321204274153, 41.800448737590621 ], [ -71.124544167186826, 41.80043041432662 ], [ -71.124659252034931, 41.800349799018747 ], [ -71.124732992100604, 41.800261900460782 ], [ -71.124787715845372, 41.800159646097697 ], [ -71.124755980387192, 41.800107380357595 ], [ -71.124706752191258, 41.79999943116858 ], [ -71.124673877405954, 41.799937137980258 ], [ -71.124595254885108, 41.79986361974116 ] ] ] } },
{ "type": "Feature", "properties": { "OBJECTID": 51, "RO_ACCT": 172527, "SITE_NAME": "FRAMINGHAM DUDLEY ROAD LANDFILL", "ADDRESS": "DUDLEY RD", "TOWN": "FRAMINGHAM", "REGION": "NE", "STATUS": "Inactive", "WASTE_TYPE": "MSW", "ACRES": 8.89488668, "SW_ID": "0100.005", "CATGRPGIS": "Land Disposal-DG", "Shape__Area": 35997.609957499997, "Shape__Length": 949.56355426416712 }, "geometry": { "type": "Polygon", "coordinates": [ [ [ -71.432519549114801, 42.285948420295028 ], [ -71.432574346433526, 42.285954574461805 ], [ -71.432618230630695, 42.285961532465421 ], [ -71.432662111295897, 42.285971821533721 ], [ -71.432717018228459, 42.285988959269368 ], [ -71.432772046342691, 42.286006187078868 ], [ -71.432818591549733, 42.286019268554355 ], [ -71.43285446775208, 42.28603162354122 ], [ -71.432891193464755, 42.28604325877884 ], [ -71.43293179758976, 42.286056336737545 ], [ -71.43296900460571, 42.286071483373256 ], [ -71.433007061896873, 42.286085190024146 ], [ -71.43303966077309, 42.286101054183696 ], [ -71.433083532186842, 42.286120255984152 ], [ -71.433129463318934, 42.286140899435239 ], [ -71.433175634126883, 42.286164243885707 ], [ -71.433214766800049, 42.286193076912433 ], [ -71.43326092543991, 42.286228035098347 ], [ -71.433299083846862, 42.286261007976456 ], [ -71.433340993783006, 42.286300825243707 ], [ -71.433362308915946, 42.286324155192922 ], [ -71.433391853035289, 42.286362614828249 ], [ -71.433392700352655, 42.286363965758703 ], [ -71.43342127026402, 42.286406476138694 ], [ -71.433447900145026, 42.286449075416591 ], [ -71.433472942389528, 42.286502567310755 ], [ -71.433493014145867, 42.286555426116472 ], [ -71.433511152477934, 42.286602071779313 ], [ -71.433524320298787, 42.286648084357822 ], [ -71.433540858733863, 42.286717326436225 ], [ -71.43355001527695, 42.286772969821911 ], [ -71.433554806301473, 42.286829150856953 ], [ -71.433558486541855, 42.286903967307069 ], [ -71.433557944689639, 42.286958164612209 ], [ -71.433553260897895, 42.287030905549749 ], [ -71.43353851663089, 42.287216086314778 ], [ -71.433759808346309, 42.287205950789108 ], [ -71.433764659092816, 42.287205233351898 ], [ -71.433769751585785, 42.287205236287896 ], [ -71.433774602238017, 42.287204608879435 ], [ -71.433779452984268, 42.287203891441557 ], [ -71.433784545477138, 42.287203894376873 ], [ -71.433789396223219, 42.287203176938625 ], [ -71.433794246875081, 42.287202549529326 ], [ -71.433799097621034, 42.287201832090624 ], [ -71.43380394902546, 42.28720048444724 ], [ -71.433808799771072, 42.287199767008154 ], [ -71.433813650422493, 42.287199139598059 ], [ -71.43381850192047, 42.28719770192486 ], [ -71.433823110072055, 42.287197074374639 ], [ -71.433827961569662, 42.287195636701064 ], [ -71.433832569721005, 42.287195009150473 ], [ -71.433837421124196, 42.287193661505697 ], [ -71.433842030121639, 42.287192223691875 ], [ -71.433846639024765, 42.287190875907015 ], [ -71.433851247927791, 42.287189528122028 ], [ -71.433855614330994, 42.287188180197198 ], [ -71.433860345235516, 42.287186112248001 ], [ -71.433864711638265, 42.287184764322824 ], [ -71.433869320634471, 42.287183326507886 ], [ -71.433873687787852, 42.287181259249024 ], [ -71.433878054189989, 42.287179911323356 ], [ -71.433882300094055, 42.287177843094099 ], [ -71.433886667247592, 42.287175774934447 ], [ -71.433890791807286, 42.287173796664248 ], [ -71.433894916460787, 42.287171728364719 ], [ -71.43389916236373, 42.287169660134843 ], [ -71.433903287016591, 42.287167591835015 ], [ -71.433907411669296, 42.287165523535045 ], [ -71.433911415071876, 42.287163455165157 ], [ -71.433915297224488, 42.287161386725387 ], [ -71.433919180034351, 42.287158688081028 ], [ -71.433922940936625, 42.287156619571242 ], [ -71.433926823088441, 42.287154551131124 ], [ -71.433930584647698, 42.287151852416649 ], [ -71.433934225050749, 42.287149063603081 ], [ -71.433937743452645, 42.287146994953353 ], [ -71.433941383761208, 42.287144296168826 ], [ -71.43394490291368, 42.287141507285192 ], [ -71.43394830072225, 42.287138808360993 ], [ -71.43395157728078, 42.287136109366955 ], [ -71.433954853933002, 42.287133320343614 ], [ -71.433958009241309, 42.287130621279715 ], [ -71.433961285892948, 42.287127832256161 ], [ -71.433964319951045, 42.287125133122373 ], [ -71.433967354759801, 42.287121713754821 ], [ -71.433970267661564, 42.287118924521948 ], [ -71.433973301718837, 42.287116225387912 ], [ -71.433976094121164, 42.287112715851499 ], [ -71.434175233706327, 42.28683364937627 ], [ -71.434185922152139, 42.286815829705077 ], [ -71.434196368093794, 42.286798009893872 ], [ -71.434206087283599, 42.286779469431266 ], [ -71.434215321471882, 42.286760928690093 ], [ -71.434223827412993, 42.286743107765297 ], [ -71.434232940996196, 42.286723936748622 ], [ -71.434240720181975, 42.286705395172227 ], [ -71.434248378114361, 42.286686853525822 ], [ -71.434255551701156, 42.28666768139675 ], [ -71.434262240288604, 42.286648508989678 ], [ -71.4342688069692, 42.286629966717221 ], [ -71.434274525559047, 42.286610793754264 ], [ -71.434279880492866, 42.286591530553601 ], [ -71.434284750335621, 42.286572357104433 ], [ -71.434289378425376, 42.286552463282476 ], [ -71.434293399522332, 42.286533289347311 ], [ -71.434296814467743, 42.286514025035956 ], [ -71.434300108816359, 42.286494130450535 ], [ -71.434302674925192, 42.286474955682714 ], [ -71.434304756785849, 42.28645506040359 ], [ -71.434306595494988, 42.286435795190243 ], [ -71.434307828521497, 42.28641598945481 ], [ -71.434308697242201, 42.286396723686593 ], [ -71.434308960374807, 42.286376827367114 ], [ -71.434308981010773, 42.286356930908852 ], [ -71.434308394658913, 42.286337754337666 ], [ -71.434307202813713, 42.286317857185864 ], [ -71.434305889067502, 42.286298590169274 ], [ -71.434303848394038, 42.28627878256119 ], [ -71.434301443417425, 42.286259514920324 ], [ -71.434298554104188, 42.286239616797374 ], [ -71.434295300301642, 42.286220438700028 ], [ -71.434293973672382, 42.286213595716056 ], [ -71.434237834926876, 42.285980927030323 ], [ -71.4341260513348, 42.285508210125336 ], [ -71.434125327413497, 42.285504788597102 ], [ -71.434107758086327, 42.285493794947286 ], [ -71.434081949716486, 42.285477304780478 ], [ -71.434056627002093, 42.285460184681611 ], [ -71.434031425641663, 42.285442974617446 ], [ -71.434006709937265, 42.285425134621647 ], [ -71.433982479232327, 42.285407294899152 ], [ -71.433958491784693, 42.285388735076999 ], [ -71.433949527346954, 42.285381257491665 ], [ -71.433940199266161, 42.285373689667203 ], [ -71.433930749941311, 42.285366121772263 ], [ -71.433921058126145, 42.285358553737041 ], [ -71.433911366313239, 42.285350985700987 ], [ -71.4339013107639, 42.285343417454825 ], [ -71.433891133218992, 42.285336569371914 ], [ -71.433880713183697, 42.285329721148543 ], [ -71.433870293150733, 42.285322872924212 ], [ -71.43385975187384, 42.285316024629104 ], [ -71.433848846954618, 42.285309086094337 ], [ -71.433837819945154, 42.285302957751846 ], [ -71.433826671785795, 42.28529673930921 ], [ -71.433815644780637, 42.285290610964623 ], [ -71.433804011640916, 42.285284392240328 ], [ -71.433792498996851, 42.285278893818706 ], [ -71.433780987013577, 42.285272765191245 ], [ -71.433768989389065, 42.285267266487672 ], [ -71.433757234258877, 42.285261767922684 ], [ -71.433744993487139, 42.285256899281457 ], [ -71.433732995868738, 42.285251400574133 ], [ -71.433720512514455, 42.285246621819688 ], [ -71.433716391560949, 42.285245269002502 ], [ -71.43356416333323, 42.285190983429217 ], [ -71.43363413619447, 42.285062011888996 ], [ -71.432200888669499, 42.284609767100335 ], [ -71.431008181907302, 42.285852811750857 ], [ -71.430951464608299, 42.28616220832879 ], [ -71.431050407347669, 42.286158126409482 ], [ -71.431084119434729, 42.286153375086435 ], [ -71.431124262937189, 42.286143766028367 ], [ -71.431164532861004, 42.286129385480017 ], [ -71.431217904170936, 42.286108890771317 ], [ -71.431272119784026, 42.286092447860597 ], [ -71.431315176873682, 42.286079419366033 ], [ -71.431352771068447, 42.286072599611572 ], [ -71.431398735828523, 42.286061643496673 ], [ -71.431451488198164, 42.286052762087301 ], [ -71.431516363074806, 42.286045958554624 ], [ -71.431577843102033, 42.286039062934073 ], [ -71.431641139497586, 42.286034329064279 ], [ -71.431707589097385, 42.286028876799904 ], [ -71.431780222311573, 42.286023428169365 ], [ -71.431904628897797, 42.286017379988834 ], [ -71.431945615795343, 42.286012542695644 ], [ -71.431985756854246, 42.28600500400848 ], [ -71.432037295846484, 42.28599684184595 ], [ -71.432063857164209, 42.285989295096819 ], [ -71.432108607818421, 42.285979688419076 ], [ -71.432146325334429, 42.28597079780419 ], [ -71.432203441660917, 42.285962638861228 ], [ -71.432279588044466, 42.285959892866813 ], [ -71.43233209549885, 42.28595308158215 ], [ -71.432384236220173, 42.285949060965514 ], [ -71.432439041593184, 42.285947652741619 ], [ -71.432482934599861, 42.285946328107912 ], [ -71.432519549114801, 42.285948420295028 ] ] ] } },
{ "type": "Feature", "properties": { "OBJECTID": 52, "RO_ACCT": 172510, "SITE_NAME": "EVERETT LANDFILL", "ADDRESS": "2835 REVERE BEACH PKWY", "TOWN": "EVERETT", "REGION": "NE", "STATUS": "Inactive", "WASTE_TYPE": "MSW", "ACRES": 19.33394408, "SW_ID": "0093.001", "CATGRPGIS": "Land Disposal-DG", "Shape__Area": 78241.703012365004, "Shape__Length": 1157.45978434942 }, "geometry": { "type": "Polygon", "coordinates": [ [ [ -71.072109961125975, 42.40386954074954 ], [ -71.072090973096394, 42.403817714817848 ], [ -71.072090973218252, 42.403817696812688 ], [ -71.072078733350551, 42.403830264235964 ], [ -71.071763825015282, 42.403767138313526 ], [ -71.071306703237596, 42.403675503864115 ], [ -71.070762481226183, 42.403558553682224 ], [ -71.069641577893194, 42.403301831712973 ], [ -71.069537557779057, 42.403287832250982 ], [ -71.069331498475847, 42.403273450904308 ], [ -71.069181707389831, 42.403260651861999 ], [ -71.068926431608332, 42.403182532909874 ], [ -71.068808786035987, 42.403298907256669 ], [ -71.068786752834882, 42.403337406245583 ], [ -71.068765641944978, 42.403376210280008 ], [ -71.068745419914492, 42.403415237309559 ], [ -71.068726156633304, 42.403454570422376 ], [ -71.068707818662062, 42.403494125767494 ], [ -71.068690404781478, 42.403533904241122 ], [ -71.068673877336977, 42.40357390570248 ], [ -71.068658385746275, 42.403614129811672 ], [ -71.068643817404876, 42.403654523030532 ], [ -71.068630174565783, 42.40369511147594 ], [ -71.068617492641778, 42.403735868272562 ], [ -71.068605809290887, 42.403776793561782 ], [ -71.068595052012654, 42.403817831254798 ], [ -71.068585292090376, 42.403859038336719 ], [ -71.068576493471298, 42.40390035795496 ], [ -71.068568657359705, 42.403941791914825 ], [ -71.068561783960121, 42.40398331050794 ], [ -71.068555908673588, 42.404024888659393 ], [ -71.068551033753238, 42.40406655248588 ], [ -71.068547120323629, 42.404108302742067 ], [ -71.068544206608593, 42.404150056745493 ], [ -71.068542254584813, 42.404191868370503 ], [ -71.068541302273175, 42.404233684643188 ], [ -71.068541313246328, 42.404275503626359 ], [ -71.06854232393566, 42.404317327257189 ], [ -71.068544334539681, 42.404359126727385 ], [ -71.068547307397751, 42.404400902796006 ], [ -71.068550272459561, 42.404432964805835 ], [ -71.06857491561999, 42.405025607515078 ], [ -71.068575158687466, 42.405031464751531 ], [ -71.068580933550834, 42.405170325870166 ], [ -71.06858026706098, 42.405181299592563 ], [ -71.068579178929809, 42.405194247850289 ], [ -71.068577794590567, 42.405207167088953 ], [ -71.068576113852401, 42.405220085216442 ], [ -71.068574100457283, 42.405232975088566 ], [ -71.068571790853525, 42.405245835941528 ], [ -71.068569186439944, 42.405258640772189 ], [ -71.068566284412086, 42.405271444487141 ], [ -71.068563087567995, 42.405284193079986 ], [ -71.06855959452065, 42.405296911753368 ], [ -71.068555805626204, 42.405309548292365 ], [ -71.068551682871004, 42.405322154770658 ], [ -71.068547302765694, 42.405334734175931 ], [ -71.068542589167791, 42.405347229504954 ], [ -71.06853761617694, 42.405359641035567 ], [ -71.068532348184405, 42.405372024451587 ], [ -71.06852674790747, 42.405384324696094 ], [ -71.068520924679603, 42.405396541278684 ], [ -71.068514769167152, 42.405408674689639 ], [ -71.068508355291399, 42.405420751314274 ], [ -71.068501609315035, 42.405432717759474 ], [ -71.068494641602086, 42.405444600547106 ], [ -71.06848737804647, 42.40545640029957 ], [ -71.068479855090501, 42.405468117153468 ], [ -71.068472000045674, 42.405479722027202 ], [ -71.068463924656797, 42.405491217140309 ], [ -71.068455552400437, 42.405502601305457 ], [ -71.068446921964281, 42.405513901676073 ], [ -71.068438033716902, 42.405525064236741 ], [ -71.068581847815736, 42.405551836676693 ], [ -71.068582308402156, 42.405750096367584 ], [ -71.068587148123399, 42.40588768726203 ], [ -71.068598247677016, 42.406203282543018 ], [ -71.068947416518412, 42.406175696286219 ], [ -71.068968384218252, 42.406174046274565 ], [ -71.069415909443578, 42.406133681910283 ], [ -71.069634540534736, 42.406113947133797 ], [ -71.06992627022008, 42.406087651986567 ], [ -71.069957644553583, 42.406292667609456 ], [ -71.070217677495165, 42.40627758601287 ], [ -71.0713846010471, 42.406209934077509 ], [ -71.071392145704436, 42.406192979288086 ], [ -71.07136723673915, 42.406116955091363 ], [ -71.071303452262299, 42.406000770436371 ], [ -71.071332732703496, 42.405937491662492 ], [ -71.07134136547549, 42.405918792583812 ], [ -71.071348752820157, 42.405887054608201 ], [ -71.071361006286594, 42.405834403238217 ], [ -71.071394051809477, 42.405744521681889 ], [ -71.071418290287312, 42.405683629655904 ], [ -71.071436502078555, 42.40563833954819 ], [ -71.071496674081672, 42.405495688200958 ], [ -71.071496691387253, 42.405495644151635 ], [ -71.071537974047345, 42.405397327879321 ], [ -71.071584868624484, 42.405311772347787 ], [ -71.071586602902855, 42.405308608916116 ], [ -71.071595241102543, 42.405289085179525 ], [ -71.071632087238413, 42.405205807744935 ], [ -71.07172659134217, 42.405013163631068 ], [ -71.071734799086073, 42.404968946289372 ], [ -71.071756338362789, 42.404852909163132 ], [ -71.071796493252748, 42.404775880223411 ], [ -71.071828645650612, 42.404714201889526 ], [ -71.071858004254892, 42.404526939325059 ], [ -71.071866283843292, 42.404493076363281 ], [ -71.071904464504755, 42.404336924280813 ], [ -71.071945012093565, 42.404151955799399 ], [ -71.07196249995016, 42.404063120830145 ], [ -71.071959190383126, 42.403991086970677 ], [ -71.071957304136092, 42.403984948143929 ], [ -71.071951398129869, 42.403965733995314 ], [ -71.071974961646731, 42.403940477830751 ], [ -71.071981264130216, 42.403933788777202 ], [ -71.072024989497024, 42.403922973360636 ], [ -71.072030665829757, 42.403921568424003 ], [ -71.072109961125975, 42.40386954074954 ] ] ] } },
{ "type": "Feature", "properties": { "OBJECTID": 53, "RO_ACCT": 358005, "SITE_NAME": "BAZLEY TIRE PILE", "ADDRESS": "120 MOULTON HILL RD", "TOWN": "MONSON", "REGION": "WE", "STATUS": "Inactive", "WASTE_TYPE": "TIRES", "ACRES": 1.57856673, "SW_ID": null, "CATGRPGIS": "Land Disposal-DG", "Shape__Area": 6388.4616424449996, "Shape__Length": 319.043466299996 }, "geometry": { "type": "Polygon", "coordinates": [ [ [ -72.290235463478567, 42.042881722610005 ], [ -72.290084916208187, 42.043111455441228 ], [ -72.290106088059758, 42.043272109404114 ], [ -72.290242880116082, 42.043478418468659 ], [ -72.290417576586037, 42.043648732681753 ], [ -72.290645269741589, 42.043840119997235 ], [ -72.290746110846726, 42.043853716508849 ], [ -72.290910726417721, 42.043598871588777 ], [ -72.2912786579341, 42.043117500029012 ], [ -72.29111891854447, 42.042993538147478 ], [ -72.290749514246215, 42.042971077546689 ], [ -72.290422894646284, 42.042919734462245 ], [ -72.290235463478567, 42.042881722610005 ] ] ] } },
{ "type": "Feature", "properties": { "OBJECTID": 54, "RO_ACCT": 280292, "SITE_NAME": "HOLLAND WOOD WASTE DUMP", "ADDRESS": "21 DUG HILL RD", "TOWN": "HOLLAND", "REGION": "WE", "STATUS": "Closed", "WASTE_TYPE": "WOODWASTE", "ACRES": 3.62256262, "SW_ID": "0135.002", "CATGRPGIS": "Land Disposal-DG", "Shape__Area": 14660.51159172, "Shape__Length": 497.45280947165003 }, "geometry": { "type": "Polygon", "coordinates": [ [ [ -72.162169994973084, 42.07058952106167 ], [ -72.162331992420633, 42.070678591222489 ], [ -72.162561411478322, 42.070797272497778 ], [ -72.162844206045605, 42.070885642734787 ], [ -72.162898622554877, 42.070955332734783 ], [ -72.163047202145009, 42.071044478687355 ], [ -72.163180061640801, 42.070913699117931 ], [ -72.163446512204757, 42.070722141260703 ], [ -72.163485003768912, 42.070551904632445 ], [ -72.163483437717829, 42.070401903289806 ], [ -72.163599532620168, 42.069951195484684 ], [ -72.163651025128857, 42.069740880749201 ], [ -72.163621885106352, 42.06952103232976 ], [ -72.163474459100613, 42.069541889110504 ], [ -72.162735549908916, 42.069476164197539 ], [ -72.162573866531318, 42.069417095235764 ], [ -72.162353832622614, 42.070198428503275 ], [ -72.162169994973084, 42.07058952106167 ] ] ] } },
{ "type": "Feature", "properties": { "OBJECTID": 55, "RO_ACCT": 172268, "SITE_NAME": "LEONARD STREET DUMP", "ADDRESS": "209 LEONARD ST", "TOWN": "ACUSHNET", "REGION": "SE", "STATUS": "Inactive", "WASTE_TYPE": "C&D WASTE", "ACRES": 1.91171619, "SW_ID": "0003.002", "CATGRPGIS": "Land Disposal-DG", "Shape__Area": 7736.7186616549998, "Shape__Length": 337.975869777828 }, "geometry": { "type": "Polygon", "coordinates": [ [ [ -70.899900935664888, 41.725169560664909 ], [ -70.900058015021401, 41.725261405407338 ], [ -70.900270232469907, 41.725303480525476 ], [ -70.900477061798696, 41.725272713689165 ], [ -70.900599787884019, 41.725141385839997 ], [ -70.900619675557024, 41.724964008960946 ], [ -70.900621169546397, 41.724804737193978 ], [ -70.900464645554337, 41.724653735322804 ], [ -70.900423491239494, 41.72450789223069 ], [ -70.900236297840138, 41.724388585532218 ], [ -70.900097699416477, 41.724269532779651 ], [ -70.900031223071664, 41.724232775899253 ], [ -70.899860289081346, 41.724322891954877 ], [ -70.899690038627099, 41.724340198167582 ], [ -70.899549859159833, 41.724389517928856 ], [ -70.899446080998175, 41.724443580018644 ], [ -70.899438596975841, 41.724593717416674 ], [ -70.899527745017608, 41.724803527123868 ], [ -70.899624206293922, 41.724881399497413 ], [ -70.899738764850923, 41.724973020461448 ], [ -70.899894903288086, 41.725164977482933 ], [ -70.899900935664888, 41.725169560664909 ] ] ] } },
{ "type": "Feature", "properties": { "OBJECTID": 56, "RO_ACCT": 169065, "SITE_NAME": "CHURCH DEMOLITION SITE", "ADDRESS": "MENDON STREET HILLS ST", "TOWN": "HOPEDALE", "REGION": "CE", "STATUS": "Closed", "WASTE_TYPE": "C&D WASTE", "ACRES": 0.2902737, "SW_ID": "0138.004", "CATGRPGIS": "Land Disposal-DG", "Shape__Area": 1174.7374539049999, "Shape__Length": 167.06572982276202 }, "geometry": { "type": "Polygon", "coordinates": [ [ [ -71.541800825151796, 42.121527261742003 ], [ -71.54127406337642, 42.121321504820607 ], [ -71.541554679186945, 42.121916738222026 ], [ -71.541800825151796, 42.121527261742003 ] ] ] } },
{ "type": "Feature", "properties": { "OBJECTID": 57, "RO_ACCT": 461424, "SITE_NAME": "UNION STREET DUMPING GROUND", "ADDRESS": "55 UNION RD", "TOWN": "HOLLAND", "REGION": "WE", "STATUS": "Inactive", "WASTE_TYPE": "MSW", "ACRES": 0.21628404, "SW_ID": null, "CATGRPGIS": "Land Disposal-DG", "Shape__Area": 875.30536098500011, "Shape__Length": 130.413004980268 }, "geometry": { "type": "Polygon", "coordinates": [ [ [ -72.165378519436302, 42.043171709504513 ], [ -72.165135982565459, 42.043140622127609 ], [ -72.164931432205734, 42.043499289097511 ], [ -72.165135597759473, 42.043566708729401 ], [ -72.165378519436302, 42.043171709504513 ] ] ] } },
{ "type": "Feature", "properties": { "OBJECTID": 58, "RO_ACCT": 370611, "SITE_NAME": "MA HIGHWAY DEPARTMENT NO 90", "ADDRESS": "740 STATE RD", "TOWN": "DARTMOUTH", "REGION": "SE", "STATUS": "Inactive", "WASTE_TYPE": "C&D WASTE", "ACRES": 0.77776757, "SW_ID": "0072.011", "CATGRPGIS": "Land Disposal-DG", "Shape__Area": 3147.627764245, "Shape__Length": 254.577394656465 }, "geometry": { "type": "Polygon", "coordinates": [ [ [ -71.028484979920592, 41.641344248161644 ], [ -71.028591600553071, 41.64132290948119 ], [ -71.02861595545464, 41.6413012305918 ], [ -71.028630739789136, 41.64126499001766 ], [ -71.028703433610815, 41.641250772038916 ], [ -71.028766342943527, 41.641251032769134 ], [ -71.028800216091867, 41.641251173143317 ], [ -71.028834276352555, 41.641225904149572 ], [ -71.028820264965972, 41.641156874442409 ], [ -71.028810962901531, 41.641106014729331 ], [ -71.028787167124946, 41.641051466477549 ], [ -71.0287438560064, 41.641018616298034 ], [ -71.028744016423175, 41.64099683620546 ], [ -71.0288024883438, 41.640942627983051 ], [ -71.028841627149646, 41.640884709347212 ], [ -71.028871196534126, 41.640812230844197 ], [ -71.028881222657787, 41.640765081495275 ], [ -71.028881409756508, 41.640739671236901 ], [ -71.028842883460442, 41.640714101471751 ], [ -71.028780029325731, 41.640706580457845 ], [ -71.028707524493882, 41.640695390033244 ], [ -71.028630233846656, 41.640676920070526 ], [ -71.028519204159323, 41.640640158780201 ], [ -71.028407691815232, 41.640668736752566 ], [ -71.02836371222412, 41.640726635161556 ], [ -71.028348794084934, 41.640781023827032 ], [ -71.028334062023134, 41.640810004028801 ], [ -71.02823728261292, 41.640809602537573 ], [ -71.028169617088935, 41.64079843184799 ], [ -71.028121037598268, 41.640823640389485 ], [ -71.028125663965511, 41.640852699999492 ], [ -71.028183625301182, 41.640867460725204 ], [ -71.028246399234177, 41.640885871664523 ], [ -71.028284655382336, 41.640947740574589 ], [ -71.02829398616862, 41.640994970175349 ], [ -71.028254790869184, 41.641060148943453 ], [ -71.028249497742877, 41.641121837180513 ], [ -71.028278158002294, 41.64117277635129 ], [ -71.028316549340872, 41.641216497129655 ], [ -71.028335504205202, 41.641271026301446 ], [ -71.028320612669845, 41.64132178569799 ], [ -71.028344512775604, 41.641361815176523 ], [ -71.02839771550731, 41.641365667023933 ], [ -71.028484979920592, 41.641344248161644 ] ] ] } },
{ "type": "Feature", "properties": { "OBJECTID": 59, "RO_ACCT": 169006, "SITE_NAME": "JOHNSON DUMP SITE", "ADDRESS": "NORTH MAIN ST", "TOWN": "MIDDLETON", "REGION": "NE", "STATUS": "Inactive", "WASTE_TYPE": "MSW", "ACRES": 3.74216951, "SW_ID": "0184.004", "CATGRPGIS": "Land Disposal-DG", "Shape__Area": 15144.558738615002, "Shape__Length": 478.50660792832804 }, "geometry": { "type": "Polygon", "coordinates": [ [ [ -71.031921485328567, 42.608760597714713 ], [ -71.031982728572117, 42.60881773710927 ], [ -71.03205030656143, 42.609055403433139 ], [ -71.032180407109337, 42.609161167871648 ], [ -71.032391457622964, 42.609247545790502 ], [ -71.032503918374829, 42.609267715361028 ], [ -71.032644555889505, 42.609251903114476 ], [ -71.032740346940486, 42.609218528428841 ], [ -71.032856951412157, 42.609140233405725 ], [ -71.033072388060688, 42.608897499832892 ], [ -71.033181401221981, 42.608823673147697 ], [ -71.033454771490113, 42.608755547348117 ], [ -71.033578781205833, 42.608681241638671 ], [ -71.033656026599289, 42.608535805848994 ], [ -71.033653644313802, 42.608346745410053 ], [ -71.033468437078113, 42.608259934947334 ], [ -71.033338841883747, 42.608167678377953 ], [ -71.033183774981183, 42.60797692225762 ], [ -71.032992936856957, 42.607827610237919 ], [ -71.032827755645044, 42.607785261235591 ], [ -71.032682692426576, 42.607905126395977 ], [ -71.032594496389152, 42.607933489574521 ], [ -71.032505115470286, 42.607939874986542 ], [ -71.032462091212608, 42.607989757377432 ], [ -71.032300791764428, 42.608065082073409 ], [ -71.03222076594848, 42.608124893510819 ], [ -71.032157015053215, 42.608224830327416 ], [ -71.032077324055948, 42.608289234211576 ], [ -71.031836057608388, 42.608415368340154 ], [ -71.03185558803429, 42.60855894564444 ], [ -71.031933876430443, 42.608683587060817 ], [ -71.031921485328567, 42.608760597714713 ] ] ] } },
{ "type": "Feature", "properties": { "OBJECTID": 60, "RO_ACCT": 173222, "SITE_NAME": "BRIMFIELD TIRE PILE", "ADDRESS": "400 PALMER RD", "TOWN": "BRIMFIELD", "REGION": "WE", "STATUS": "Inactive", "WASTE_TYPE": "TIRES", "ACRES": 1.43132554, "SW_ID": "0043.003", "CATGRPGIS": "Land Disposal-DG", "Shape__Area": 5792.5774616199997, "Shape__Length": 330.00346744025802 }, "geometry": { "type": "Polygon", "coordinates": [ [ [ -72.271285225733649, 42.140046179420516 ], [ -72.271082229344756, 42.140054542068121 ], [ -72.270849148006803, 42.139998454184834 ], [ -72.270670869799361, 42.139952172192757 ], [ -72.270327898335225, 42.139852734609654 ], [ -72.270250233636617, 42.139836300283129 ], [ -72.270177907386028, 42.139884266475107 ], [ -72.269779536421524, 42.140420925994086 ], [ -72.269776989335256, 42.140421576950892 ], [ -72.269813225246381, 42.140489846788164 ], [ -72.269877718849031, 42.140552658825449 ], [ -72.269956183373182, 42.140599564071231 ], [ -72.270049953412169, 42.140607647657397 ], [ -72.270059045851141, 42.140604055379441 ], [ -72.271225949576674, 42.140211054796083 ], [ -72.271240283950618, 42.140211466130104 ], [ -72.27131064330311, 42.140174099754127 ], [ -72.271317211083854, 42.140131893827792 ], [ -72.271330989347007, 42.140100178901385 ], [ -72.271294945317095, 42.140047718435135 ], [ -72.271285225733649, 42.140046179420516 ] ] ] } }
]
}
